Election_ID,Round,Block_id,scheduled_producer,actual_producer,n_tx,T_fees,subsidy,total_reward,self_keep,dist_to_voters,event,slashed,solidified,n_ignored
1,1,block_0001,node_0476,node_0476,419,419,128,547,145.86,401.14,normal,0.0,yes,0
1,1,block_0002,node_0010,node_0010,493,493,128,621,147.39,473.61,normal,0.0,yes,0
1,1,block_0003,node_0279,node_0279,477,477,128,605,133.91,471.09,normal,0.0,yes,0
1,1,block_0004,node_0484,node_0484,400,400,128,528,146.0,382.0,normal,0.0,yes,1
1,1,block_0005,node_0376,node_0376,648,648,128,776,227.97,548.03,normal,0.0,yes,2
1,1,block_0006,node_0253,node_0253,567,567,128,695,203.0,492.0,normal,0.0,yes,1
1,1,block_0007,node_0480,node_0480,573,573,128,701,196.93,504.07,normal,0.0,yes,2
1,1,block_0008,node_0352,node_0352,649,649,128,777,235.61,541.39,normal,0.0,yes,1
1,1,block_0009,node_0067,node_0067,649,649,128,777,247.71,529.29,normal,0.0,yes,1
1,1,block_0010,node_0367,node_0367,650,650,128,778,198.42,579.58,normal,0.0,yes,0
1,2,block_0011,node_0476,node_0476,533,533,128,661,176.26,484.74,normal,0.0,yes,1
1,2,block_0012,node_0010,node_0010,648,648,128,776,184.17,591.83,normal,0.0,yes,2
1,2,block_0013,node_0279,node_0279,649,649,128,777,171.99,605.01,normal,0.0,yes,1
1,2,block_0014,node_0484,node_0484,458,458,128,586,162.04,423.96,normal,0.0,yes,2
1,2,block_0015,node_0376,node_0376,649,649,128,777,228.27,548.73,normal,0.0,yes,1
1,2,block_0016,node_0253,node_0253,650,650,128,778,227.25,550.75,normal,0.0,yes,0
1,2,block_0017,node_0480,node_0480,649,649,128,777,218.28,558.72,normal,0.0,yes,1
1,2,block_0018,node_0352,node_0352,497,497,128,625,189.52,435.48,normal,0.0,yes,1
1,2,block_0019,node_0067,node_0067,650,650,128,778,248.03,529.97,normal,0.0,yes,0
1,2,block_0020,node_0367,node_0367,525,525,128,653,166.54,486.46,normal,0.0,yes,3
1,3,block_0021,node_0476,node_0476,649,649,128,777,207.2,569.8,normal,0.0,yes,1
1,3,block_0022,node_0010,node_0010,415,415,128,543,128.87,414.13,normal,0.0,yes,2
1,3,block_0023,node_0279,node_0279,556,556,128,684,151.4,532.6,normal,0.0,yes,0
1,3,block_0024,node_0484,node_0484,650,650,128,778,215.13,562.87,normal,0.0,yes,0
1,3,block_0025,node_0376,node_0376,509,509,128,637,187.14,449.86,normal,0.0,yes,0
1,3,block_0026,node_0253,node_0253,645,645,128,773,225.79,547.21,normal,0.0,yes,2
1,3,block_0027,node_0480,node_0480,643,643,128,771,216.59,554.41,normal,0.0,yes,0
1,3,block_0028,node_0352,node_0067,574,574,128,702,223.8,478.2,missed,0.0,yes,0
1,3,block_0029,node_0067,node_0067,650,650,128,778,248.03,529.97,normal,0.0,yes,0
1,3,block_0030,node_0367,node_0367,536,536,128,664,169.34,494.66,normal,0.0,yes,1
1,4,block_0031,node_0476,node_0476,535,535,128,663,176.8,486.2,normal,0.0,yes,0
1,4,block_0032,node_0010,node_0010,486,486,128,614,145.72,468.28,normal,0.0,yes,1
1,4,block_0033,node_0279,node_0279,649,649,128,777,171.99,605.01,normal,0.0,yes,1
1,4,block_0034,node_0484,node_0484,477,477,128,605,167.29,437.71,normal,0.0,yes,0
1,4,block_0035,node_0376,node_0376,439,439,128,567,166.57,400.43,normal,0.0,yes,0
1,4,block_0036,node_0253,node_0253,638,638,128,766,223.74,542.26,normal,0.0,yes,0
1,4,block_0037,node_0480,node_0480,485,485,128,613,172.21,440.79,normal,0.0,yes,1
1,4,block_0038,node_0466,node_0466,616,616,128,744,202.65,541.35,normal,0.0,yes,2
1,4,block_0039,node_0067,node_0067,629,629,128,757,241.33,515.67,normal,0.0,yes,1
1,4,block_0040,node_0367,node_0367,649,649,128,777,198.16,578.84,normal,0.0,yes,1
1,5,block_0041,node_0476,node_0476,646,646,128,774,206.4,567.6,normal,0.0,yes,0
1,5,block_0042,node_0010,node_0010,432,432,128,560,132.91,427.09,normal,0.0,yes,1
1,5,block_0043,node_0279,node_0279,406,406,128,534,118.2,415.8,normal,0.0,yes,0
1,5,block_0044,node_0484,node_0484,649,649,128,777,214.85,562.15,normal,0.0,yes,1
1,5,block_0045,node_0376,node_0376,650,650,128,778,228.56,549.44,normal,0.0,yes,0
1,5,block_0046,node_0253,node_0253,410,410,128,538,157.14,380.86,normal,0.0,yes,0
1,5,block_0047,node_0480,node_0480,582,582,128,710,199.46,510.54,normal,0.0,yes,1
1,5,block_0048,node_0466,node_0466,597,597,128,725,197.48,527.52,normal,0.0,yes,1
1,5,block_0049,node_0067,node_0067,550,550,128,678,216.15,461.85,normal,0.0,yes,0
1,5,block_0050,node_0367,node_0367,528,528,128,656,167.3,488.7,normal,0.0,yes,0
1,6,block_0051,node_0476,node_0476,650,650,128,778,207.46,570.54,normal,0.0,yes,0
1,6,block_0052,node_0010,node_0010,573,573,128,701,166.37,534.63,normal,0.0,yes,1
1,6,block_0053,node_0279,node_0279,534,534,128,662,146.53,515.47,normal,0.0,yes,0
1,6,block_0054,node_0484,node_0484,560,560,128,688,190.24,497.76,normal,0.0,yes,1
1,6,block_0055,node_0376,node_0376,558,558,128,686,201.53,484.47,normal,0.0,yes,1
1,6,block_0056,node_0253,node_0253,490,490,128,618,180.51,437.49,normal,0.0,yes,0
1,6,block_0057,node_0480,node_0480,445,445,128,573,160.97,412.03,normal,0.0,yes,0
1,6,block_0058,node_0466,node_0466,611,611,128,739,201.29,537.71,normal,0.0,yes,0
1,6,block_0059,node_0067,node_0067,650,650,128,778,248.03,529.97,normal,0.0,yes,0
1,6,block_0060,node_0367,node_0367,479,479,128,607,154.81,452.19,normal,0.0,yes,1
1,7,block_0061,node_0476,node_0476,596,596,128,724,193.06,530.94,normal,0.0,yes,0
1,7,block_0062,node_0010,node_0010,439,439,128,567,134.57,432.43,normal,0.0,yes,1
1,7,block_0063,node_0279,node_0279,648,648,128,776,171.76,604.24,normal,0.0,yes,2
1,7,block_0064,node_0484,node_0376,649,649,128,777,228.27,548.73,missed,0.0,yes,1
1,7,block_0065,node_0376,node_0376,650,650,128,778,228.56,549.44,normal,0.0,yes,0
1,7,block_0066,node_0253,node_0253,650,650,128,778,227.25,550.75,normal,0.0,yes,0
1,7,block_0067,node_0480,node_0480,401,401,128,529,148.61,380.39,normal,0.0,yes,0
1,7,block_0068,node_0466,node_0466,439,439,128,567,154.44,412.56,normal,0.0,yes,0
1,7,block_0069,node_0067,node_0067,650,650,128,778,248.03,529.97,normal,0.0,yes,0
1,7,block_0070,node_0367,node_0367,649,649,128,777,198.16,578.84,normal,0.0,yes,1
1,8,block_0071,node_0476,node_0476,582,582,128,710,189.33,520.67,normal,0.0,yes,0
1,8,block_0072,node_0010,node_0010,589,589,128,717,170.17,546.83,normal,0.0,yes,0
1,8,block_0073,node_0279,node_0279,601,601,128,729,161.36,567.64,normal,0.0,yes,4
1,8,block_0074,node_0039,node_0039,441,441,128,569,131.34,437.66,normal,0.0,yes,1
1,8,block_0075,node_0376,node_0376,605,605,128,733,215.34,517.66,normal,0.0,yes,0
1,8,block_0076,node_0253,node_0253,534,534,128,662,193.36,468.64,normal,0.0,yes,0
1,8,block_0077,node_0480,node_0480,650,650,128,778,218.56,559.44,normal,0.0,yes,0
1,8,block_0078,node_0466,node_0466,431,431,128,559,152.26,406.74,normal,0.0,yes,0
1,8,block_0079,node_0067,node_0067,491,491,128,619,197.34,421.66,normal,0.0,yes,2
1,8,block_0080,node_0367,node_0367,473,473,128,601,153.28,447.72,normal,0.0,yes,3
1,9,block_0081,node_0476,node_0476,606,606,128,734,195.73,538.27,normal,0.0,yes,0
1,9,block_0082,node_0010,node_0010,543,543,128,671,159.25,511.75,normal,0.0,yes,0
1,9,block_0083,node_0279,node_0279,582,582,128,710,157.15,552.85,normal,0.0,yes,0
1,9,block_0084,node_0039,node_0039,424,424,128,552,127.42,424.58,normal,0.0,yes,0
1,9,block_0085,node_0376,node_0376,420,420,128,548,160.99,387.01,normal,0.0,yes,1
1,9,block_0086,node_0253,node_0253,650,650,128,778,227.25,550.75,normal,0.0,yes,0
1,9,block_0087,node_0480,node_0480,434,434,128,562,157.88,404.12,normal,0.0,yes,0
1,9,block_0088,node_0466,node_0466,601,601,128,729,198.57,530.43,normal,0.0,yes,0
1,9,block_0089,node_0067,node_0067,650,650,128,778,248.03,529.97,normal,0.0,yes,0
1,9,block_0090,node_0367,node_0367,647,647,128,775,197.65,577.35,normal,0.0,yes,3
1,10,block_0091,node_0476,node_0476,638,638,128,766,204.26,561.74,normal,0.0,yes,0
1,10,block_0092,node_0010,node_0010,650,650,128,778,184.65,593.35,normal,0.0,yes,0
1,10,block_0093,node_0279,node_0279,562,562,128,690,152.73,537.27,normal,0.0,yes,2
1,10,block_0094,node_0039,node_0039,559,559,128,687,158.58,528.42,normal,0.0,yes,7
1,10,block_0095,node_0376,node_0376,639,639,128,767,225.33,541.67,normal,0.0,yes,2
1,10,block_0096,node_0253,node_0253,580,580,128,708,206.8,501.2,normal,0.0,yes,0
1,10,block_0097,node_0480,node_0480,650,650,128,778,218.56,559.44,normal,0.0,yes,0
1,10,block_0098,node_0466,node_0466,505,505,128,633,172.42,460.58,normal,0.0,yes,0
1,10,block_0099,node_0067,node_0067,572,572,128,700,223.16,476.84,normal,0.0,yes,0
1,10,block_0100,node_0367,node_0367,424,424,128,552,140.78,411.22,normal,0.0,yes,0
2,1,block_0101,node_0386,node_0386,648,648,128,776,226.13,549.87,normal,0.0,yes,2
2,1,block_0102,node_0116,node_0116,649,649,128,777,196.55,580.45,normal,0.0,yes,1
2,1,block_0103,node_0333,node_0333,526,526,128,654,186.1,467.9,normal,0.0,yes,4
2,1,block_0104,node_0347,node_0347,469,469,128,597,147.81,449.19,normal,0.0,yes,2
2,1,block_0105,node_0439,node_0439,649,649,128,777,213.17,563.83,normal,0.0,yes,1
2,1,block_0106,node_0479,node_0479,542,542,128,670,180.78,489.22,normal,0.0,yes,0
2,1,block_0107,node_0422,node_0422,420,420,128,548,158.93,389.07,normal,0.0,yes,3
2,1,block_0108,node_0048,node_0048,493,493,128,621,184.53,436.47,normal,0.0,yes,3
2,1,block_0109,node_0363,node_0363,512,512,128,640,145.62,494.38,normal,0.0,yes,3
2,1,block_0110,node_0248,node_0248,549,549,128,677,188.94,488.06,normal,0.0,yes,3
2,2,block_0111,node_0386,node_0386,558,558,128,686,199.91,486.09,normal,0.0,yes,6
2,2,block_0112,node_0116,node_0116,612,612,128,740,187.19,552.81,normal,0.0,yes,8
2,2,block_0113,node_0333,node_0333,629,629,128,757,215.41,541.59,malicious,878.25,yes,3
2,2,block_0114,node_0347,node_0347,647,647,128,775,191.88,583.12,normal,0.0,yes,3
2,2,block_0115,node_0439,node_0439,646,646,128,774,212.35,561.65,normal,0.0,yes,4
2,2,block_0116,node_0479,node_0479,614,614,128,742,200.2,541.8,normal,0.0,yes,3
2,2,block_0117,node_0422,node_0422,556,556,128,684,198.37,485.63,normal,0.0,yes,4
2,2,block_0118,node_0048,node_0048,538,538,128,666,197.91,468.09,normal,0.0,yes,6
2,2,block_0119,node_0363,node_0363,649,649,128,777,176.79,600.21,normal,0.0,yes,1
2,2,block_0120,node_0248,node_0248,434,434,128,562,156.84,405.16,normal,0.0,yes,3
2,3,block_0121,node_0386,node_0386,595,595,128,723,210.69,512.31,normal,0.0,yes,3
2,3,block_0122,node_0116,node_0116,534,534,128,662,167.46,494.54,normal,0.0,yes,1
2,3,block_0123,node_0404,node_0404,647,647,128,775,156.8,618.2,normal,0.0,yes,3
2,3,block_0124,node_0347,node_0347,442,442,128,570,141.13,428.87,normal,0.0,yes,0
2,3,block_0125,node_0439,node_0439,407,407,128,535,146.78,388.22,normal,0.0,yes,2
2,3,block_0126,node_0479,node_0479,534,534,128,662,178.62,483.38,normal,0.0,yes,2
2,3,block_0127,node_0422,node_0422,511,511,128,639,185.32,453.68,normal,0.0,yes,1
2,3,block_0128,node_0048,node_0048,461,461,128,589,175.03,413.97,normal,0.0,yes,0
2,3,block_0129,node_0363,node_0363,650,650,128,778,177.01,600.99,normal,0.0,yes,0
2,3,block_0130,node_0248,node_0248,535,535,128,663,185.03,477.97,normal,0.0,yes,6
2,4,block_0131,node_0386,node_0386,573,573,128,701,204.28,496.72,normal,0.0,yes,7
2,4,block_0132,node_0116,node_0116,505,505,128,633,160.12,472.88,normal,0.0,yes,3
2,4,block_0133,node_0404,node_0404,646,646,128,774,156.59,617.41,normal,0.0,yes,4
2,4,block_0134,node_0347,node_0347,563,563,128,691,171.09,519.91,normal,0.0,yes,0
2,4,block_0135,node_0439,node_0439,646,646,128,774,212.35,561.65,normal,0.0,yes,4
2,4,block_0136,node_0479,node_0479,410,410,128,538,145.16,392.84,normal,0.0,yes,1
2,4,block_0137,node_0422,node_0422,648,648,128,776,225.05,550.95,normal,0.0,yes,2
2,4,block_0138,node_0048,node_0048,483,483,128,611,181.56,429.44,normal,0.0,yes,0
2,4,block_0139,node_0363,node_0363,610,610,128,738,167.91,570.09,normal,0.0,yes,1
2,4,block_0140,node_0248,node_0248,516,516,128,644,179.73,464.27,normal,0.0,yes,2
2,5,block_0141,node_0386,node_0386,540,540,128,668,194.66,473.34,malicious,964.87,yes,0
2,5,block_0142,node_0116,node_0116,584,584,128,712,180.11,531.89,normal,0.0,yes,2
2,5,block_0143,node_0404,node_0404,425,425,128,553,111.88,441.12,normal,0.0,yes,1
2,5,block_0144,node_0347,node_0439,453,453,128,581,159.4,421.6,missed,0.0,yes,0
2,5,block_0145,node_0439,node_0439,650,650,128,778,213.44,564.56,normal,0.0,yes,0
2,5,block_0146,node_0479,node_0479,647,647,128,775,209.11,565.89,normal,0.0,yes,3
2,5,block_0147,node_0422,node_0422,583,583,128,711,206.2,504.8,normal,0.0,yes,2
2,5,block_0148,node_0048,node_0048,650,650,128,778,231.19,546.81,normal,0.0,yes,0
2,5,block_0149,node_0363,node_0363,539,539,128,667,151.76,515.24,normal,0.0,yes,0
2,5,block_0150,node_0248,node_0248,649,649,128,777,216.84,560.16,normal,0.0,yes,1
2,6,block_0151,node_0226,node_0226,575,575,128,703,170.66,532.34,normal,0.0,yes,0
2,6,block_0152,node_0116,node_0116,622,622,128,750,189.72,560.28,normal,0.0,yes,1
2,6,block_0153,node_0404,node_0404,649,649,128,777,157.2,619.8,normal,0.0,yes,1
2,6,block_0154,node_0269,node_0269,499,499,128,627,182.97,444.03,normal,0.0,yes,2
2,6,block_0155,node_0439,node_0439,468,468,128,596,163.51,432.49,malicious,852.8,yes,2
2,6,block_0156,node_0479,node_0479,626,626,128,754,203.44,550.56,normal,0.0,yes,1
2,6,block_0157,node_0422,node_0422,643,643,128,771,223.6,547.4,normal,0.0,yes,0
2,6,block_0158,node_0048,node_0048,497,497,128,625,185.72,439.28,normal,0.0,yes,2
2,6,block_0159,node_0363,node_0363,577,577,128,705,160.41,544.59,normal,0.0,yes,0
2,6,block_0160,node_0248,node_0248,628,628,128,756,210.98,545.02,normal,0.0,yes,2
2,7,block_0161,node_0226,node_0226,603,603,128,731,177.46,553.54,normal,0.0,yes,1
2,7,block_0162,node_0116,node_0116,649,649,128,777,196.55,580.45,normal,0.0,yes,1
2,7,block_0163,node_0404,node_0404,536,536,128,664,134.34,529.66,normal,0.0,yes,0
2,7,block_0164,node_0269,node_0269,648,648,128,776,226.45,549.55,normal,0.0,yes,2
2,7,block_0165,node_0067,node_0067,521,521,128,649,208.87,440.13,normal,0.0,yes,1
2,7,block_0166,node_0479,node_0479,649,649,128,777,209.65,567.35,normal,0.0,yes,1
2,7,block_0167,node_0422,node_0422,553,553,128,681,197.5,483.5,normal,0.0,yes,1
2,7,block_0168,node_0048,node_0048,581,581,128,709,210.68,498.32,normal,0.0,yes,1
2,7,block_0169,node_0363,node_0363,650,650,128,778,177.01,600.99,normal,0.0,yes,0
2,7,block_0170,node_0248,node_0248,415,415,128,543,151.54,391.46,normal,0.0,yes,0
2,8,block_0171,node_0226,node_0226,477,477,128,605,146.87,458.13,normal,0.0,yes,0
2,8,block_0172,node_0116,node_0116,631,631,128,759,192.0,567.0,normal,0.0,yes,1
2,8,block_0173,node_0404,node_0404,527,527,128,655,132.52,522.48,normal,0.0,yes,0
2,8,block_0174,node_0269,node_0269,607,607,128,735,214.48,520.52,normal,0.0,yes,1
2,8,block_0175,node_0067,node_0067,649,649,128,777,250.07,526.93,normal,0.0,yes,1
2,8,block_0176,node_0479,node_0479,512,512,128,640,172.68,467.32,normal,0.0,yes,1
2,8,block_0177,node_0422,node_0422,505,505,128,633,183.58,449.42,normal,0.0,yes,3
2,8,block_0178,node_0048,node_0048,417,417,128,545,161.95,383.05,normal,0.0,yes,1
2,8,block_0179,node_0363,node_0248,647,647,128,775,216.29,558.71,missed,0.0,yes,3
2,8,block_0180,node_0248,node_0248,475,475,128,603,168.28,434.72,normal,0.0,yes,1
2,9,block_0181,node_0226,node_0226,649,649,128,777,188.63,588.37,normal,0.0,yes,1
2,9,block_0182,node_0116,node_0116,509,509,128,637,161.13,475.87,normal,0.0,yes,1
2,9,block_0183,node_0404,node_0404,431,431,128,559,113.09,445.91,normal,0.0,yes,0
2,9,block_0184,node_0269,node_0269,397,397,128,525,153.2,371.8,normal,0.0,yes,3
2,9,block_0185,node_0067,node_0067,534,534,128,662,213.06,448.94,normal,0.0,yes,3
2,9,block_0186,node_0479,node_0479,646,646,128,774,208.84,565.16,normal,0.0,yes,4
2,9,block_0187,node_0422,node_0422,648,648,128,776,225.05,550.95,normal,0.0,yes,2
2,9,block_0188,node_0048,node_0048,415,415,128,543,161.36,381.64,normal,0.0,yes,2
2,9,block_0189,node_0480,node_0480,477,477,128,605,188.96,416.04,normal,0.0,yes,1
2,9,block_0190,node_0248,node_0248,646,646,128,774,216.01,557.99,normal,0.0,yes,4
2,10,block_0191,node_0226,node_0226,480,480,128,608,147.6,460.4,normal,0.0,yes,0
2,10,block_0192,node_0116,node_0116,581,581,128,709,179.35,529.65,normal,0.0,yes,3
2,10,block_0193,node_0404,node_0404,646,646,128,774,156.59,617.41,normal,0.0,yes,4
2,10,block_0194,node_0269,node_0269,533,533,128,661,192.89,468.11,normal,0.0,yes,1
2,10,block_0195,node_0067,node_0067,570,570,128,698,224.64,473.36,normal,0.0,yes,1
2,10,block_0196,node_0479,node_0479,542,542,128,670,180.78,489.22,normal,0.0,yes,2
2,10,block_0197,node_0422,node_0422,432,432,128,560,162.41,397.59,normal,0.0,yes,0
2,10,block_0198,node_0048,node_0048,648,648,128,776,230.59,545.41,normal,0.0,yes,2
2,10,block_0199,node_0480,node_0480,406,406,128,534,166.79,367.21,normal,0.0,yes,1
2,10,block_0200,node_0248,node_0248,436,436,128,564,157.4,406.6,normal,0.0,yes,1
3,1,block_0201,node_0260,node_0260,531,531,128,659,172.62,486.38,normal,0.0,yes,2
3,1,block_0202,node_0233,node_0233,645,645,128,773,185.77,587.23,malicious,427.77,yes,5
3,1,block_0203,node_0017,node_0017,647,647,128,775,163.93,611.07,normal,0.0,yes,3
3,1,block_0204,node_0330,node_0330,434,434,128,562,183.09,378.91,normal,0.0,yes,2
3,1,block_0205,node_0014,node_0014,495,495,128,623,166.26,456.74,normal,0.0,yes,0
3,1,block_0206,node_0176,node_0176,435,435,128,563,117.27,445.73,normal,0.0,yes,1
3,1,block_0207,node_0448,node_0448,589,589,128,717,228.06,488.94,normal,0.0,yes,1
3,1,block_0208,node_0001,node_0001,409,409,128,537,113.73,423.27,normal,0.0,yes,0
3,1,block_0209,node_0174,node_0174,515,515,128,643,143.61,499.39,normal,0.0,yes,2
3,1,block_0210,node_0356,node_0356,497,497,128,625,169.54,455.46,normal,0.0,yes,2
3,2,block_0211,node_0260,node_0260,579,579,128,707,185.2,521.8,normal,0.0,yes,0
3,2,block_0212,node_0238,node_0238,545,545,128,673,206.09,466.91,normal,0.0,yes,1
3,2,block_0213,node_0017,node_0017,648,648,128,776,164.14,611.86,normal,0.0,yes,2
3,2,block_0214,node_0330,node_0330,647,647,128,775,252.49,522.51,normal,0.0,yes,3
3,2,block_0215,node_0014,node_0014,438,438,128,566,151.05,414.95,normal,0.0,yes,0
3,2,block_0216,node_0176,node_0176,407,407,128,535,111.44,423.56,malicious,106.07,yes,0
3,2,block_0217,node_0448,node_0448,463,463,128,591,187.98,403.02,normal,0.0,yes,1
3,2,block_0218,node_0001,node_0001,650,650,128,778,164.77,613.23,normal,0.0,yes,0
3,2,block_0219,node_0174,node_0174,650,650,128,778,173.76,604.24,normal,0.0,yes,0
3,2,block_0220,node_0356,node_0356,650,650,128,778,211.04,566.96,normal,0.0,yes,0
3,3,block_0221,node_0260,node_0260,648,648,128,776,203.27,572.73,normal,0.0,yes,2
3,3,block_0222,node_0238,node_0238,527,527,128,655,200.58,454.42,normal,0.0,yes,1
3,3,block_0223,node_0017,node_0017,632,632,128,760,160.76,599.24,normal,0.0,yes,1
3,3,block_0224,node_0330,node_0330,440,440,128,568,185.05,382.95,normal,0.0,yes,0
3,3,block_0225,node_0014,node_0014,409,409,128,537,143.31,393.69,normal,0.0,yes,0
3,3,block_0226,node_0461,node_0461,445,445,128,573,152.08,420.92,normal,0.0,yes,0
3,3,block_0227,node_0448,node_0448,457,457,128,585,186.07,398.93,normal,0.0,yes,1
3,3,block_0228,node_0001,node_0001,650,650,128,778,164.77,613.23,normal,0.0,yes,0
3,3,block_0229,node_0174,node_0174,649,649,128,777,173.54,603.46,normal,0.0,yes,1
3,3,block_0230,node_0356,node_0356,460,460,128,588,159.5,428.5,normal,0.0,yes,0
3,4,block_0231,node_0260,node_0260,486,486,128,614,160.84,453.16,normal,0.0,yes,3
3,4,block_0232,node_0238,node_0238,554,554,128,682,208.85,473.15,normal,0.0,yes,1
3,4,block_0233,node_0017,node_0017,523,523,128,651,137.7,513.3,normal,0.0,yes,1
3,4,block_0234,node_0330,node_0330,569,569,128,697,227.08,469.92,normal,0.0,yes,1
3,4,block_0235,node_0014,node_0014,646,646,128,774,206.56,567.44,normal,0.0,yes,4
3,4,block_0236,node_0461,node_0461,567,567,128,695,184.47,510.53,normal,0.0,yes,0
3,4,block_0237,node_0448,node_0448,466,466,128,594,188.93,405.07,normal,0.0,yes,2
3,4,block_0238,node_0001,node_0001,649,649,128,777,164.56,612.44,normal,0.0,yes,1
3,4,block_0239,node_0174,node_0174,642,642,128,770,171.97,598.03,normal,0.0,yes,2
3,4,block_0240,node_0356,node_0356,650,650,128,778,211.04,566.96,normal,0.0,yes,0
3,5,block_0241,node_0260,node_0260,485,485,128,613,160.57,452.43,normal,0.0,yes,0
3,5,block_0242,node_0238,node_0238,650,650,128,778,238.24,539.76,normal,0.0,yes,0
3,5,block_0243,node_0017,node_0017,564,564,128,692,146.37,545.63,normal,0.0,yes,2
3,5,block_0244,node_0330,node_0330,637,637,128,765,249.23,515.77,normal,0.0,yes,1
3,5,block_0245,node_0014,node_0014,647,647,128,775,206.83,568.17,normal,0.0,yes,3
3,5,block_0246,node_0461,node_0461,427,427,128,555,147.31,407.69,normal,0.0,yes,1
3,5,block_0247,node_0448,node_0448,499,499,128,627,199.43,427.57,normal,0.0,yes,1
3,5,block_0248,node_0001,node_0001,648,648,128,776,164.35,611.65,normal,0.0,yes,2
3,5,block_0249,node_0174,node_0174,478,478,128,606,135.34,470.66,normal,0.0,yes,0
3,5,block_0250,node_0356,node_0356,649,649,128,777,210.77,566.23,normal,0.0,yes,1
3,6,block_0251,node_0260,node_0260,617,617,128,745,195.15,549.85,normal,0.0,yes,0
3,6,block_0252,node_0238,node_0238,649,649,128,777,237.94,539.06,normal,0.0,yes,1
3,6,block_0253,node_0017,node_0017,522,522,128,650,137.49,512.51,normal,0.0,yes,2
3,6,block_0254,node_0330,node_0330,519,519,128,647,210.79,436.21,normal,0.0,yes,0
3,6,block_0255,node_0014,node_0461,491,491,128,619,164.29,454.71,missed,0.0,yes,3
3,6,block_0256,node_0461,node_0461,624,624,128,752,199.59,552.41,normal,0.0,yes,0
3,6,block_0257,node_0448,node_0448,532,532,128,660,209.93,450.07,normal,0.0,yes,1
3,6,block_0258,node_0001,node_0001,648,648,128,776,164.35,611.65,normal,0.0,yes,2
3,6,block_0259,node_0174,node_0174,644,644,128,772,172.42,599.58,malicious,368.92,yes,3
3,6,block_0260,node_0356,node_0356,650,650,128,778,211.04,566.96,normal,0.0,yes,0
3,7,block_0261,node_0260,node_0260,650,650,128,778,203.8,574.2,normal,0.0,yes,0
3,7,block_0262,node_0238,node_0238,600,600,128,728,222.93,505.07,normal,0.0,yes,0
3,7,block_0263,node_0017,node_0017,650,650,128,778,164.56,613.44,normal,0.0,yes,0
3,7,block_0264,node_0330,node_0330,511,511,128,639,208.18,430.82,normal,0.0,yes,0
3,7,block_0265,node_0034,node_0034,650,650,128,778,223.99,554.01,normal,0.0,yes,0
3,7,block_0266,node_0461,node_0461,521,521,128,649,172.26,476.74,normal,0.0,yes,0
3,7,block_0267,node_0448,node_0448,629,629,128,757,240.78,516.22,normal,0.0,yes,0
3,7,block_0268,node_0001,node_0001,649,649,128,777,164.56,612.44,normal,0.0,yes,1
3,7,block_0269,node_0280,node_0280,485,485,128,613,184.99,428.01,normal,0.0,yes,0
3,7,block_0270,node_0356,node_0356,571,571,128,699,189.61,509.39,normal,0.0,yes,0
3,8,block_0271,node_0260,node_0260,510,510,128,638,167.12,470.88,normal,0.0,yes,0
3,8,block_0272,node_0238,node_0238,561,561,128,689,210.99,478.01,normal,0.0,yes,0
3,8,block_0273,node_0017,node_0017,627,627,128,755,159.7,595.3,normal,0.0,yes,0
3,8,block_0274,node_0330,node_0330,459,459,128,587,191.24,395.76,normal,0.0,yes,1
3,8,block_0275,node_0034,node_0034,552,552,128,680,195.78,484.22,normal,0.0,yes,1
3,8,block_0276,node_0461,node_0461,405,405,128,533,141.47,391.53,normal,0.0,yes,1
3,8,block_0277,node_0448,node_0448,648,648,128,776,246.82,529.18,normal,0.0,yes,2
3,8,block_0278,node_0001,node_0001,650,650,128,778,164.77,613.23,normal,0.0,yes,0
3,8,block_0279,node_0280,node_0280,502,502,128,630,190.12,439.88,normal,0.0,yes,1
3,8,block_0280,node_0356,node_0356,649,649,128,777,210.77,566.23,normal,0.0,yes,1
3,9,block_0281,node_0260,node_0260,648,648,128,776,203.27,572.73,normal,0.0,yes,2
3,9,block_0282,node_0238,node_0238,404,404,128,532,162.91,369.09,normal,0.0,yes,0
3,9,block_0283,node_0017,node_0017,407,407,128,535,113.16,421.84,normal,0.0,yes,0
3,9,block_0284,node_0330,node_0330,438,438,128,566,184.4,381.6,normal,0.0,yes,0
3,9,block_0285,node_0034,node_0034,650,650,128,778,223.99,554.01,malicious,769.88,yes,0
3,9,block_0286,node_0461,node_0461,638,638,128,766,203.31,562.69,normal,0.0,yes,0
3,9,block_0287,node_0448,node_0448,509,509,128,637,202.61,434.39,normal,0.0,yes,0
3,9,block_0288,node_0001,node_0001,520,520,128,648,137.24,510.76,normal,0.0,yes,0
3,9,block_0289,node_0280,node_0280,457,457,128,585,176.54,408.46,normal,0.0,yes,0
3,9,block_0290,node_0356,node_0356,650,650,128,778,211.04,566.96,normal,0.0,yes,0
3,10,block_0291,node_0260,node_0260,650,650,128,778,203.8,574.2,normal,0.0,yes,0
3,10,block_0292,node_0238,node_0238,460,460,128,588,180.06,407.94,normal,0.0,yes,0
3,10,block_0293,node_0017,node_0017,474,474,128,602,127.34,474.66,normal,0.0,yes,1
3,10,block_0294,node_0330,node_0330,596,596,128,724,235.87,488.13,normal,0.0,yes,2
3,10,block_0295,node_0172,node_0172,463,463,128,591,179.13,411.87,normal,0.0,yes,3
3,10,block_0296,node_0461,node_0461,484,484,128,612,162.44,449.56,normal,0.0,yes,0
3,10,block_0297,node_0448,node_0001,420,420,128,548,116.06,431.94,missed,0.0,yes,0
3,10,block_0298,node_0001,node_0001,549,549,128,677,143.38,533.62,normal,0.0,yes,0
3,10,block_0299,node_0280,node_0280,613,613,128,741,223.62,517.38,normal,0.0,yes,0
3,10,block_0300,node_0356,node_0356,446,446,128,574,155.7,418.3,normal,0.0,yes,1
4,1,block_0301,node_0032,node_0032,650,650,128,778,224.01,553.99,normal,0.0,yes,0
4,1,block_0302,node_0359,node_0359,441,441,128,569,118.23,450.77,normal,0.0,yes,0
4,1,block_0303,node_0261,node_0261,468,468,128,596,154.34,441.66,normal,0.0,yes,0
4,1,block_0304,node_0121,node_0121,431,431,128,559,140.0,419.0,normal,0.0,yes,4
4,1,block_0305,node_0277,node_0277,539,539,128,667,197.92,469.08,normal,0.0,yes,2
4,1,block_0306,node_0334,node_0334,472,472,128,600,170.96,429.04,normal,0.0,yes,2
4,1,block_0307,node_0036,node_0036,646,646,128,774,230.26,543.74,normal,0.0,yes,4
4,1,block_0308,node_0397,node_0397,457,457,128,585,150.9,434.1,normal,0.0,yes,2
4,1,block_0309,node_0263,node_0263,622,622,128,750,208.69,541.31,normal,0.0,yes,4
4,1,block_0310,node_0048,node_0048,480,480,128,608,195.36,412.64,normal,0.0,yes,2
4,2,block_0311,node_0032,node_0032,446,446,128,574,165.27,408.73,malicious,806.31,yes,0
4,2,block_0312,node_0359,node_0359,649,649,128,777,161.45,615.55,normal,0.0,yes,1
4,2,block_0313,node_0261,node_0261,497,497,128,625,161.85,463.15,normal,0.0,yes,2
4,2,block_0314,node_0121,node_0121,571,571,128,699,175.06,523.94,normal,0.0,yes,4
4,2,block_0315,node_0277,node_0277,584,584,128,712,211.28,500.72,normal,0.0,yes,2
4,2,block_0316,node_0334,node_0334,611,611,128,739,210.57,528.43,normal,0.0,yes,0
4,2,block_0317,node_0036,node_0036,434,434,128,562,167.19,394.81,normal,0.0,yes,0
4,2,block_0318,node_0397,node_0397,649,649,128,777,200.43,576.57,normal,0.0,yes,1
4,2,block_0319,node_0263,node_0263,586,586,128,714,198.67,515.33,normal,0.0,yes,1
4,2,block_0320,node_0048,node_0048,508,508,128,636,204.35,431.65,normal,0.0,yes,2
4,3,block_0321,node_0097,node_0097,650,650,128,778,231.73,546.27,normal,0.0,yes,0
4,3,block_0322,node_0359,node_0359,523,523,128,651,135.27,515.73,normal,0.0,yes,0
4,3,block_0323,node_0261,node_0261,649,649,128,777,201.21,575.79,normal,0.0,yes,1
4,3,block_0324,node_0121,node_0121,496,496,128,624,156.28,467.72,normal,0.0,yes,0
4,3,block_0325,node_0277,node_0277,646,646,128,774,229.67,544.33,normal,0.0,yes,0
4,3,block_0326,node_0334,node_0036,408,408,128,536,159.46,376.54,missed,0.0,yes,0
4,3,block_0327,node_0036,node_0036,636,636,128,764,227.29,536.71,normal,0.0,yes,3
4,3,block_0328,node_0397,node_0397,435,435,128,563,145.23,417.77,normal,0.0,yes,0
4,3,block_0329,node_0263,node_0263,650,650,128,778,216.48,561.52,normal,0.0,yes,0
4,3,block_0330,node_0048,node_0048,646,646,128,774,248.7,525.3,normal,0.0,yes,4
4,4,block_0331,node_0097,node_0097,463,463,128,591,176.03,414.97,normal,0.0,yes,2
4,4,block_0332,node_0359,node_0359,472,472,128,600,124.67,475.33,normal,0.0,yes,1
4,4,block_0333,node_0261,node_0261,474,474,128,602,155.89,446.11,normal,0.0,yes,0
4,4,block_0334,node_0121,node_0121,647,647,128,775,194.09,580.91,normal,0.0,yes,3
4,4,block_0335,node_0277,node_0277,650,650,128,778,230.86,547.14,normal,0.0,yes,0
4,4,block_0336,node_0175,node_0175,433,433,128,561,146.62,414.38,normal,0.0,yes,2
4,4,block_0337,node_0036,node_0036,587,587,128,715,212.71,502.29,normal,0.0,yes,3
4,4,block_0338,node_0397,node_0397,460,460,128,588,151.68,436.32,normal,0.0,yes,0
4,4,block_0339,node_0263,node_0263,491,491,128,619,172.24,446.76,malicious,872.2,yes,1
4,4,block_0340,node_0048,node_0048,627,627,128,755,242.59,512.41,normal,0.0,yes,0
4,5,block_0341,node_0097,node_0097,506,506,128,634,188.84,445.16,normal,0.0,yes,0
4,5,block_0342,node_0359,node_0359,453,453,128,581,120.72,460.28,normal,0.0,yes,1
4,5,block_0343,node_0261,node_0261,560,560,128,688,178.16,509.84,normal,0.0,yes,1
4,5,block_0344,node_0121,node_0121,476,476,128,604,151.27,452.73,normal,0.0,yes,3
4,5,block_0345,node_0277,node_0277,548,548,128,676,200.59,475.41,normal,0.0,yes,2
4,5,block_0346,node_0175,node_0175,536,536,128,664,173.53,490.47,normal,0.0,yes,0
4,5,block_0347,node_0036,node_0036,402,402,128,530,157.67,372.33,normal,0.0,yes,0
4,5,block_0348,node_0397,node_0397,403,403,128,531,136.97,394.03,normal,0.0,yes,0
4,5,block_0349,node_0500,node_0500,442,442,128,570,153.77,416.23,normal,0.0,yes,0
4,5,block_0350,node_0048,node_0048,400,400,128,528,169.65,358.35,normal,0.0,yes,1
4,6,block_0351,node_0097,node_0097,599,599,128,727,216.54,510.46,normal,0.0,yes,2
4,6,block_0352,node_0359,node_0359,463,463,128,591,122.8,468.2,normal,0.0,yes,1
4,6,block_0353,node_0261,node_0261,577,577,128,705,182.56,522.44,normal,0.0,yes,1
4,6,block_0354,node_0121,node_0121,648,648,128,776,194.35,581.65,normal,0.0,yes,2
4,6,block_0355,node_0277,node_0277,544,544,128,672,199.41,472.59,normal,0.0,yes,3
4,6,block_0356,node_0175,node_0175,502,502,128,630,164.65,465.35,normal,0.0,yes,3
4,6,block_0357,node_0036,node_0036,435,435,128,563,167.49,395.51,normal,0.0,yes,3
4,6,block_0358,node_0397,node_0397,494,494,128,622,160.45,461.55,normal,0.0,yes,5
4,6,block_0359,node_0500,node_0500,447,447,128,575,155.11,419.89,normal,0.0,yes,2
4,6,block_0360,node_0048,node_0048,648,648,128,776,249.34,526.66,normal,0.0,yes,2
4,7,block_0361,node_0097,node_0097,640,640,128,768,228.75,539.25,normal,0.0,yes,10
4,7,block_0362,node_0359,node_0359,546,546,128,674,140.05,533.95,normal,0.0,yes,2
4,7,block_0363,node_0261,node_0261,637,637,128,765,198.1,566.9,normal,0.0,yes,1
4,7,block_0364,node_0121,node_0121,468,468,128,596,149.27,446.73,normal,0.0,yes,7
4,7,block_0365,node_0277,node_0277,590,590,128,718,213.06,504.94,normal,0.0,yes,5
4,7,block_0366,node_0175,node_0175,619,619,128,747,195.23,551.77,normal,0.0,yes,3
4,7,block_0367,node_0036,node_0036,549,549,128,677,201.4,475.6,normal,0.0,yes,2
4,7,block_0368,node_0397,node_0397,491,491,128,619,159.67,459.33,normal,0.0,yes,4
4,7,block_0369,node_0500,node_0500,647,647,128,775,209.07,565.93,normal,0.0,yes,3
4,7,block_0370,node_0048,node_0048,645,645,128,773,248.37,524.63,normal,0.0,yes,5
4,8,block_0371,node_0097,node_0097,647,647,128,775,230.84,544.16,normal,0.0,yes,3
4,8,block_0372,node_0359,node_0359,543,543,128,671,139.42,531.58,normal,0.0,yes,0
4,8,block_0373,node_0261,node_0261,594,594,128,722,186.97,535.03,normal,0.0,yes,0
4,8,block_0374,node_0121,node_0121,554,554,128,682,170.8,511.2,normal,0.0,yes,3
4,8,block_0375,node_0277,node_0277,649,649,128,777,230.56,546.44,malicious,1164.8,yes,1
4,8,block_0376,node_0175,node_0175,647,647,128,775,202.54,572.46,normal,0.0,yes,3
4,8,block_0377,node_0036,node_0036,542,542,128,670,199.32,470.68,normal,0.0,yes,2
4,8,block_0378,node_0397,node_0397,646,646,128,774,199.66,574.34,normal,0.0,yes,4
4,8,block_0379,node_0500,node_0500,609,609,128,737,198.82,538.18,normal,0.0,yes,1
4,8,block_0380,node_0048,node_0048,458,458,128,586,188.29,397.71,normal,0.0,yes,2
4,9,block_0381,node_0097,node_0097,517,517,128,645,192.12,452.88,normal,0.0,yes,4
4,9,block_0382,node_0359,node_0359,633,633,128,761,158.13,602.87,normal,0.0,yes,2
4,9,block_0383,node_0261,node_0261,646,646,128,774,200.43,573.57,normal,0.0,yes,4
4,9,block_0384,node_0121,node_0121,450,450,128,578,144.76,433.24,normal,0.0,yes,1
4,9,block_0385,node_0259,node_0259,609,609,128,737,192.47,544.53,normal,0.0,yes,2
4,9,block_0386,node_0175,node_0175,645,645,128,773,202.02,570.98,normal,0.0,yes,5
4,9,block_0387,node_0036,node_0036,606,606,128,734,218.36,515.64,normal,0.0,yes,1
4,9,block_0388,node_0397,node_0397,428,428,128,556,143.42,412.58,normal,0.0,yes,1
4,9,block_0389,node_0500,node_0500,408,408,128,536,144.59,391.41,normal,0.0,yes,0
4,9,block_0390,node_0048,node_0048,533,533,128,661,212.39,448.61,normal,0.0,yes,0
4,10,block_0391,node_0097,node_0097,563,563,128,691,205.82,485.18,normal,0.0,yes,3
4,10,block_0392,node_0359,node_0359,650,650,128,778,161.66,616.34,normal,0.0,yes,0
4,10,block_0393,node_0261,node_0261,648,648,128,776,200.95,575.05,normal,0.0,yes,2
4,10,block_0394,node_0121,node_0259,628,628,128,756,197.43,558.57,missed,0.0,yes,4
4,10,block_0395,node_0259,node_0259,647,647,128,775,202.39,572.61,normal,0.0,yes,3
4,10,block_0396,node_0175,node_0175,434,434,128,562,146.88,415.12,normal,0.0,yes,6
4,10,block_0397,node_0036,node_0036,648,648,128,776,230.86,545.14,normal,0.0,yes,2
4,10,block_0398,node_0397,node_0397,422,422,128,550,141.87,408.13,normal,0.0,yes,0
4,10,block_0399,node_0500,node_0500,547,547,128,675,182.09,492.91,normal,0.0,yes,1
4,10,block_0400,node_0048,node_0048,402,402,128,530,170.3,359.7,normal,0.0,yes,0
5,1,block_0401,node_0136,node_0136,648,648,128,776,234.93,541.07,normal,0.0,yes,2
5,1,block_0402,node_0023,node_0023,586,586,128,714,219.33,494.67,normal,0.0,yes,1
5,1,block_0403,node_0333,node_0333,477,477,128,605,157.65,447.35,normal,0.0,yes,1
5,1,block_0404,node_0152,node_0152,483,483,128,611,137.94,473.06,normal,0.0,yes,2
5,1,block_0405,node_0276,node_0276,452,452,128,580,138.85,441.15,normal,0.0,yes,3
5,1,block_0406,node_0205,node_0205,435,435,128,563,140.05,422.95,normal,0.0,yes,3
5,1,block_0407,node_0211,node_0211,397,397,128,525,160.67,364.33,normal,0.0,yes,3
5,1,block_0408,node_0063,node_0063,454,454,128,582,147.22,434.78,normal,0.0,yes,3
5,1,block_0409,node_0405,node_0405,524,524,128,652,196.07,455.93,normal,0.0,yes,3
5,1,block_0410,node_0243,node_0243,639,639,128,767,181.46,585.54,normal,0.0,yes,4
5,2,block_0411,node_0136,node_0136,590,590,128,718,217.37,500.63,normal,0.0,yes,1
5,2,block_0412,node_0023,node_0023,593,593,128,721,221.48,499.52,malicious,1034.81,yes,1
5,2,block_0413,node_0333,node_0333,532,532,128,660,171.98,488.02,normal,0.0,yes,4
5,2,block_0414,node_0152,node_0152,508,508,128,636,143.58,492.42,normal,0.0,yes,1
5,2,block_0415,node_0276,node_0276,509,509,128,637,152.49,484.51,normal,0.0,yes,0
5,2,block_0416,node_0205,node_0205,539,539,128,667,165.92,501.08,normal,0.0,yes,1
5,2,block_0417,node_0211,node_0211,645,645,128,773,236.56,536.44,normal,0.0,yes,5
5,2,block_0418,node_0063,node_0063,582,582,128,710,179.59,530.41,normal,0.0,yes,0
5,2,block_0419,node_0405,node_0405,590,590,128,718,215.92,502.08,normal,0.0,yes,1
5,2,block_0420,node_0243,node_0243,522,522,128,650,153.78,496.22,normal,0.0,yes,1
5,3,block_0421,node_0136,node_0136,646,646,128,774,234.32,539.68,normal,0.0,yes,4
5,3,block_0422,node_0166,node_0166,645,645,128,773,202.95,570.05,normal,0.0,yes,5
5,3,block_0423,node_0333,node_0333,432,432,128,560,145.92,414.08,normal,0.0,yes,0
5,3,block_0424,node_0152,node_0152,413,413,128,541,122.13,418.87,normal,0.0,yes,5
5,3,block_0425,node_0276,node_0205,499,499,128,627,155.97,471.03,missed,0.0,yes,2
5,3,block_0426,node_0205,node_0205,511,511,128,639,158.96,480.04,normal,0.0,yes,0
5,3,block_0427,node_0211,node_0211,419,419,128,547,167.4,379.6,normal,0.0,yes,4
5,3,block_0428,node_0063,node_0063,430,430,128,558,141.14,416.86,normal,0.0,yes,2
5,3,block_0429,node_0405,node_0405,645,645,128,773,232.46,540.54,normal,0.0,yes,3
5,3,block_0430,node_0243,node_0136,447,447,128,575,174.08,400.92,missed,0.0,yes,5
5,4,block_0431,node_0136,node_0136,649,649,128,777,235.23,541.77,normal,0.0,yes,1
5,4,block_0432,node_0166,node_0166,460,460,128,588,154.38,433.62,normal,0.0,yes,6
5,4,block_0433,node_0333,node_0333,404,404,128,532,138.63,393.37,normal,0.0,yes,1
5,4,block_0434,node_0152,node_0152,549,549,128,677,152.84,524.16,normal,0.0,yes,5
5,4,block_0435,node_0294,node_0294,603,603,128,731,217.43,513.57,normal,0.0,yes,2
5,4,block_0436,node_0205,node_0205,526,526,128,654,162.69,491.31,normal,0.0,yes,4
5,4,block_0437,node_0211,node_0211,648,648,128,776,237.48,538.52,normal,0.0,yes,2
5,4,block_0438,node_0063,node_0063,649,649,128,777,196.54,580.46,normal,0.0,yes,1
5,4,block_0439,node_0405,node_0405,627,627,128,755,227.05,527.95,normal,0.0,yes,1
5,4,block_0440,node_0045,node_0045,481,481,128,609,130.91,478.09,normal,0.0,yes,0
5,5,block_0441,node_0136,node_0136,645,645,128,773,234.02,538.98,normal,0.0,yes,5
5,5,block_0442,node_0166,node_0166,513,513,128,641,168.3,472.7,normal,0.0,yes,2
5,5,block_0443,node_0333,node_0333,648,648,128,776,202.21,573.79,normal,0.0,yes,2
5,5,block_0444,node_0152,node_0152,625,625,128,753,170.0,583.0,normal,0.0,yes,4
5,5,block_0445,node_0294,node_0294,435,435,128,563,167.46,395.54,normal,0.0,yes,2
5,5,block_0446,node_0205,node_0205,437,437,128,565,140.55,424.45,normal,0.0,yes,0
5,5,block_0447,node_0211,node_0211,412,412,128,540,165.26,374.74,normal,0.0,yes,1
5,5,block_0448,node_0063,node_0063,456,456,128,584,147.72,436.28,normal,0.0,yes,3
5,5,block_0449,node_0405,node_0405,409,409,128,537,161.49,375.51,normal,0.0,yes,1
5,5,block_0450,node_0045,node_0045,405,405,128,533,114.58,418.42,normal,0.0,yes,1
5,6,block_0451,node_0136,node_0136,461,461,128,589,178.31,410.69,normal,0.0,yes,2
5,6,block_0452,node_0166,node_0166,648,648,128,776,203.74,572.26,normal,0.0,yes,2
5,6,block_0453,node_0333,node_0333,486,486,128,614,159.99,454.01,normal,0.0,yes,5
5,6,block_0454,node_0152,node_0152,649,649,128,777,175.41,601.59,normal,0.0,yes,1
5,6,block_0455,node_0294,node_0294,644,644,128,772,229.63,542.37,normal,0.0,yes,6
5,6,block_0456,node_0205,node_0205,647,647,128,775,192.79,582.21,normal,0.0,yes,3
5,6,block_0457,node_0211,node_0211,596,596,128,724,221.57,502.43,normal,0.0,yes,0
5,6,block_0458,node_0063,node_0063,456,456,128,584,147.72,436.28,normal,0.0,yes,1
5,6,block_0459,node_0405,node_0405,643,643,128,771,231.86,539.14,normal,0.0,yes,7
5,6,block_0460,node_0045,node_0045,646,646,128,774,166.38,607.62,normal,0.0,yes,4
5,7,block_0461,node_0136,node_0136,487,487,128,615,186.18,428.82,normal,0.0,yes,4
5,7,block_0462,node_0166,node_0166,647,647,128,775,203.48,571.52,normal,0.0,yes,3
5,7,block_0463,node_0333,node_0333,456,456,128,584,152.18,431.82,normal,0.0,yes,1
5,7,block_0464,node_0152,node_0152,588,588,128,716,161.64,554.36,normal,0.0,yes,1
5,7,block_0465,node_0294,node_0294,408,408,128,536,159.43,376.57,normal,0.0,yes,4
5,7,block_0466,node_0205,node_0205,428,428,128,556,138.31,417.69,normal,0.0,yes,4
5,7,block_0467,node_0211,node_0211,608,608,128,736,225.24,510.76,normal,0.0,yes,5
5,7,block_0468,node_0063,node_0063,508,508,128,636,160.87,475.13,normal,0.0,yes,2
5,7,block_0469,node_0405,node_0405,449,449,128,577,173.52,403.48,normal,0.0,yes,2
5,7,block_0470,node_0045,node_0045,551,551,128,679,145.96,533.04,normal,0.0,yes,4
5,8,block_0471,node_0136,node_0136,559,559,128,687,207.98,479.02,normal,0.0,yes,8
5,8,block_0472,node_0166,node_0166,644,644,128,772,202.69,569.31,normal,0.0,yes,6
5,8,block_0473,node_0333,node_0333,590,590,128,718,187.09,530.91,normal,0.0,yes,4
5,8,block_0474,node_0152,node_0152,424,424,128,552,124.62,427.38,normal,0.0,yes,4
5,8,block_0475,node_0294,node_0294,513,513,128,641,190.66,450.34,normal,0.0,yes,0
5,8,block_0476,node_0205,node_0205,423,423,128,551,137.07,413.93,normal,0.0,yes,0
5,8,block_0477,node_0211,node_0211,649,649,128,777,237.79,539.21,normal,0.0,yes,1
5,8,block_0478,node_0063,node_0063,488,488,128,616,155.82,460.18,normal,0.0,yes,3
5,8,block_0479,node_0405,node_0405,648,648,128,776,233.36,542.64,normal,0.0,yes,2
5,8,block_0480,node_0045,node_0045,474,474,128,602,129.41,472.59,normal,0.0,yes,2
5,9,block_0481,node_0136,node_0136,609,609,128,737,223.12,513.88,normal,0.0,yes,3
5,9,block_0482,node_0166,node_0166,411,411,128,539,141.52,397.48,normal,0.0,yes,2
5,9,block_0483,node_0333,node_0333,566,566,128,694,180.84,513.16,normal,0.0,yes,1
5,9,block_0484,node_0152,node_0152,513,513,128,641,144.71,496.29,normal,0.0,yes,1
5,9,block_0485,node_0294,node_0294,610,610,128,738,219.51,518.49,normal,0.0,yes,2
5,9,block_0486,node_0205,node_0205,648,648,128,776,193.04,582.96,normal,0.0,yes,2
5,9,block_0487,node_0211,node_0211,468,468,128,596,182.39,413.61,normal,0.0,yes,4
5,9,block_0488,node_0063,node_0063,629,629,128,757,191.48,565.52,normal,0.0,yes,2
5,9,block_0489,node_0405,node_0405,474,474,128,602,181.04,420.96,normal,0.0,yes,2
5,9,block_0490,node_0045,node_0045,472,472,128,600,128.98,471.02,normal,0.0,yes,3
5,10,block_0491,node_0136,node_0136,421,421,128,549,166.2,382.8,normal,0.0,yes,1
5,10,block_0492,node_0166,node_0166,605,605,128,733,192.45,540.55,normal,0.0,yes,8
5,10,block_0493,node_0333,node_0333,432,432,128,560,145.92,414.08,normal,0.0,yes,1
5,10,block_0494,node_0152,node_0152,411,411,128,539,121.68,417.32,normal,0.0,yes,2
5,10,block_0495,node_0294,node_0294,540,540,128,668,198.69,469.31,normal,0.0,yes,6
5,10,block_0496,node_0205,node_0205,480,480,128,608,151.25,456.75,normal,0.0,yes,3
5,10,block_0497,node_0211,node_0211,462,462,128,590,180.56,409.44,normal,0.0,yes,4
5,10,block_0498,node_0063,node_0063,490,490,128,618,156.32,461.68,normal,0.0,yes,1
5,10,block_0499,node_0405,node_0405,506,506,128,634,190.66,443.34,normal,0.0,yes,2
5,10,block_0500,node_0045,node_0045,610,610,128,738,158.64,579.36,normal,0.0,yes,0
6,1,block_0501,node_0208,node_0208,647,647,128,775,195.7,579.3,normal,0.0,yes,3
6,1,block_0502,node_0166,node_0166,585,585,128,713,198.56,514.44,normal,0.0,yes,2
6,1,block_0503,node_0118,node_0118,646,646,128,774,184.75,589.25,normal,0.0,yes,4
6,1,block_0504,node_0140,node_0140,512,512,128,640,182.55,457.45,normal,0.0,yes,0
6,1,block_0505,node_0007,node_0007,568,568,128,696,162.46,533.54,normal,0.0,yes,2
6,1,block_0506,node_0296,node_0296,464,464,128,592,125.99,466.01,normal,0.0,yes,0
6,1,block_0507,node_0106,node_0106,552,552,128,680,187.9,492.1,normal,0.0,yes,3
6,1,block_0508,node_0379,node_0379,649,649,128,777,207.8,569.2,normal,0.0,yes,1
6,1,block_0509,node_0048,node_0048,646,646,128,774,258.66,515.34,normal,0.0,yes,4
6,1,block_0510,node_0477,node_0477,560,560,128,688,159.74,528.26,normal,0.0,yes,3
6,2,block_0511,node_0208,node_0208,409,409,128,537,135.6,401.4,normal,0.0,yes,3
6,2,block_0512,node_0166,node_0166,582,582,128,710,197.72,512.28,normal,0.0,yes,3
6,2,block_0513,node_0118,node_0118,649,649,128,777,185.46,591.54,normal,0.0,yes,1
6,2,block_0514,node_0140,node_0007,552,552,128,680,158.73,521.27,missed,0.0,yes,0
6,2,block_0515,node_0007,node_0007,587,587,128,715,166.9,548.1,normal,0.0,yes,1
6,2,block_0516,node_0296,node_0296,467,467,128,595,126.63,468.37,normal,0.0,yes,0
6,2,block_0517,node_0106,node_0106,454,454,128,582,160.82,421.18,normal,0.0,yes,3
6,2,block_0518,node_0379,node_0379,575,575,128,703,188.01,514.99,normal,0.0,yes,8
6,2,block_0519,node_0048,node_0048,495,495,128,623,208.2,414.8,normal,0.0,yes,2
6,2,block_0520,node_0477,node_0477,573,573,128,701,162.76,538.24,normal,0.0,yes,1
6,3,block_0521,node_0208,node_0208,421,421,128,549,138.63,410.37,normal,0.0,yes,1
6,3,block_0522,node_0166,node_0166,447,447,128,575,160.13,414.87,normal,0.0,yes,6
6,3,block_0523,node_0118,node_0118,411,411,128,539,128.66,410.34,normal,0.0,yes,2
6,3,block_0524,node_0228,node_0228,445,445,128,573,138.89,434.11,normal,0.0,yes,0
6,3,block_0525,node_0007,node_0007,648,648,128,776,181.13,594.87,normal,0.0,yes,2
6,3,block_0526,node_0296,node_0296,648,648,128,776,165.15,610.85,normal,0.0,yes,2
6,3,block_0527,node_0106,node_0106,649,649,128,777,214.7,562.3,normal,0.0,yes,1
6,3,block_0528,node_0379,node_0379,399,399,128,527,140.94,386.06,normal,0.0,yes,2
6,3,block_0529,node_0048,node_0048,506,506,128,634,211.88,422.12,normal,0.0,yes,5
6,3,block_0530,node_0477,node_0477,548,548,128,676,156.95,519.05,normal,0.0,yes,1
6,4,block_0531,node_0208,node_0208,647,647,128,775,195.7,579.3,normal,0.0,yes,3
6,4,block_0532,node_0166,node_0166,587,587,128,715,199.12,515.88,normal,0.0,yes,3
6,4,block_0533,node_0118,node_0118,609,609,128,737,175.92,561.08,normal,0.0,yes,5
6,4,block_0534,node_0228,node_0228,646,646,128,774,187.61,586.39,normal,0.0,yes,4
6,4,block_0535,node_0007,node_0296,469,469,128,597,127.06,469.94,missed,0.0,yes,1
6,4,block_0536,node_0296,node_0296,647,647,128,775,164.94,610.06,normal,0.0,yes,3
6,4,block_0537,node_0106,node_0106,423,423,128,551,152.25,398.75,normal,0.0,yes,2
6,4,block_0538,node_0379,node_0379,494,494,128,622,166.35,455.65,normal,0.0,yes,1
6,4,block_0539,node_0048,node_0048,538,538,128,666,222.57,443.43,normal,0.0,yes,1
6,4,block_0540,node_0477,node_0477,625,625,128,753,174.83,578.17,normal,0.0,yes,9
6,5,block_0541,node_0208,node_0208,573,573,128,701,177.02,523.98,normal,0.0,yes,3
6,5,block_0542,node_0166,node_0166,648,648,128,776,216.1,559.9,normal,0.0,yes,2
6,5,block_0543,node_0118,node_0118,436,436,128,564,134.62,429.38,normal,0.0,yes,0
6,5,block_0544,node_0228,node_0228,643,643,128,771,186.88,584.12,normal,0.0,yes,7
6,5,block_0545,node_0301,node_0301,597,597,128,725,154.25,570.75,normal,0.0,yes,6
6,5,block_0546,node_0296,node_0296,439,439,128,567,120.67,446.33,malicious,248.29,yes,1
6,5,block_0547,node_0106,node_0106,506,506,128,634,175.19,458.81,normal,0.0,yes,2
6,5,block_0548,node_0379,node_0379,645,645,128,773,206.73,566.27,normal,0.0,yes,5
6,5,block_0549,node_0048,node_0048,537,537,128,665,222.24,442.76,normal,0.0,yes,3
6,5,block_0550,node_0477,node_0477,490,490,128,618,143.49,474.51,normal,0.0,yes,6
6,6,block_0551,node_0208,node_0208,610,610,128,738,186.36,551.64,normal,0.0,yes,5
6,6,block_0552,node_0166,node_0166,462,462,128,590,164.31,425.69,normal,0.0,yes,3
6,6,block_0553,node_0118,node_0228,522,522,128,650,157.55,492.45,missed,0.0,yes,3
6,6,block_0554,node_0228,node_0228,430,430,128,558,135.25,422.75,malicious,547.61,yes,2
6,6,block_0555,node_0301,node_0301,611,611,128,739,157.23,581.77,normal,0.0,yes,3
6,6,block_0556,node_0078,node_0078,542,542,128,670,134.79,535.21,normal,0.0,yes,4
6,6,block_0557,node_0106,node_0106,648,648,128,776,214.42,561.58,normal,0.0,yes,2
6,6,block_0558,node_0379,node_0379,603,603,128,731,195.5,535.5,normal,0.0,yes,3
6,6,block_0559,node_0048,node_0048,648,648,128,776,259.33,516.67,normal,0.0,yes,2
6,6,block_0560,node_0477,node_0477,618,618,128,746,173.2,572.8,normal,0.0,yes,4
6,7,block_0561,node_0208,node_0208,569,569,128,697,176.01,520.99,normal,0.0,yes,6
6,7,block_0562,node_0166,node_0166,584,584,128,712,198.28,513.72,normal,0.0,yes,4
6,7,block_0563,node_0037,node_0037,607,607,128,735,149.52,585.48,normal,0.0,yes,7
6,7,block_0564,node_0001,node_0001,432,432,128,560,137.11,422.89,normal,0.0,yes,2
6,7,block_0565,node_0301,node_0078,464,464,128,592,119.1,472.9,missed,0.0,yes,0
6,7,block_0566,node_0078,node_0078,450,450,128,578,116.28,461.72,normal,0.0,yes,4
6,7,block_0567,node_0106,node_0106,641,641,128,769,212.49,556.51,normal,0.0,yes,4
6,7,block_0568,node_0379,node_0379,561,561,128,689,184.27,504.73,normal,0.0,yes,3
6,7,block_0569,node_0048,node_0048,540,540,128,668,223.24,444.76,normal,0.0,yes,1
6,7,block_0570,node_0477,node_0477,649,649,128,777,180.4,596.6,normal,0.0,yes,1
6,8,block_0571,node_0208,node_0208,455,455,128,583,147.22,435.78,normal,0.0,yes,0
6,8,block_0572,node_0166,node_0166,544,544,128,672,187.14,484.86,normal,0.0,yes,3
6,8,block_0573,node_0037,node_0037,626,626,128,754,153.38,600.62,malicious,41.69,yes,3
6,8,block_0574,node_0001,node_0001,413,413,128,541,132.46,408.54,normal,0.0,yes,1
6,8,block_0575,node_0135,node_0135,513,513,128,641,169.5,471.5,normal,0.0,yes,0
6,8,block_0576,node_0078,node_0078,650,650,128,778,156.52,621.48,normal,0.0,yes,0
6,8,block_0577,node_0106,node_0106,432,432,128,560,154.74,405.26,normal,0.0,yes,2
6,8,block_0578,node_0379,node_0379,488,488,128,616,164.75,451.25,normal,0.0,yes,1
6,8,block_0579,node_0048,node_0048,640,640,128,768,256.66,511.34,normal,0.0,yes,3
6,8,block_0580,node_0477,node_0477,452,452,128,580,134.66,445.34,normal,0.0,yes,0
6,9,block_0581,node_0208,node_0208,648,648,128,776,195.95,580.05,normal,0.0,yes,2
6,9,block_0582,node_0166,node_0166,526,526,128,654,182.13,471.87,normal,0.0,yes,1
6,9,block_0583,node_0153,node_0153,527,527,128,655,134.79,520.21,normal,0.0,yes,2
6,9,block_0584,node_0001,node_0001,646,646,128,774,189.51,584.49,normal,0.0,yes,4
6,9,block_0585,node_0135,node_0135,624,624,128,752,198.85,553.15,normal,0.0,yes,4
6,9,block_0586,node_0078,node_0078,646,646,128,774,155.72,618.28,normal,0.0,yes,4
6,9,block_0587,node_0106,node_0106,647,647,128,775,214.15,560.85,normal,0.0,yes,3
6,9,block_0588,node_0379,node_0379,648,648,128,776,207.54,568.46,normal,0.0,yes,2
6,9,block_0589,node_0048,node_0048,621,621,128,749,250.31,498.69,normal,0.0,yes,3
6,9,block_0590,node_0477,node_0477,491,491,128,619,143.72,475.28,normal,0.0,yes,4
6,10,block_0591,node_0208,node_0208,633,633,128,761,192.17,568.83,normal,0.0,yes,2
6,10,block_0592,node_0166,node_0166,646,646,128,774,215.55,558.45,normal,0.0,yes,4
6,10,block_0593,node_0153,node_0153,583,583,128,711,146.31,564.69,normal,0.0,yes,1
6,10,block_0594,node_0001,node_0001,616,616,128,744,182.16,561.84,normal,0.0,yes,1
6,10,block_0595,node_0135,node_0135,491,491,128,619,163.68,455.32,normal,0.0,yes,2
6,10,block_0596,node_0078,node_0078,435,435,128,563,113.27,449.73,normal,0.0,yes,4
6,10,block_0597,node_0106,node_0106,473,473,128,601,166.07,434.93,normal,0.0,yes,2
6,10,block_0598,node_0379,node_0379,437,437,128,565,151.11,413.89,normal,0.0,yes,0
6,10,block_0599,node_0048,node_0048,534,534,128,662,221.24,440.76,normal,0.0,yes,5
6,10,block_0600,node_0477,node_0477,647,647,128,775,179.94,595.06,normal,0.0,yes,3
7,1,block_0601,node_0018,node_0018,584,584,128,712,174.41,537.59,normal,0.0,yes,1
7,1,block_0602,node_0293,node_0293,646,646,128,774,180.33,593.67,normal,0.0,yes,4
7,1,block_0603,node_0030,node_0030,445,445,128,573,189.12,383.88,normal,0.0,yes,3
7,1,block_0604,node_0470,node_0470,587,587,128,715,210.23,504.77,normal,0.0,yes,2
7,1,block_0605,node_0006,node_0006,427,427,128,555,164.07,390.93,normal,0.0,yes,1
7,1,block_0606,node_0303,node_0303,629,629,128,757,239.68,517.32,normal,0.0,yes,5
7,1,block_0607,node_0500,node_0500,503,503,128,631,168.79,462.21,normal,0.0,yes,2
7,1,block_0608,node_0457,node_0457,591,591,128,719,210.08,508.92,normal,0.0,yes,6
7,1,block_0609,node_0267,node_0267,649,649,128,777,234.5,542.5,normal,0.0,yes,1
7,1,block_0610,node_0426,node_0426,650,650,128,778,238.04,539.96,normal,0.0,yes,0
7,2,block_0611,node_0018,node_0018,648,648,128,776,190.09,585.91,normal,0.0,yes,2
7,2,block_0612,node_0293,node_0293,446,446,128,574,133.73,440.27,normal,0.0,yes,3
7,2,block_0613,node_0030,node_0030,517,517,128,645,212.89,432.11,normal,0.0,yes,1
7,2,block_0614,node_0470,node_0470,650,650,128,778,228.76,549.24,normal,0.0,yes,0
7,2,block_0615,node_0006,node_0006,606,606,128,734,216.99,517.01,normal,0.0,yes,1
7,2,block_0616,node_0303,node_0303,532,532,128,660,208.97,451.03,normal,0.0,yes,1
7,2,block_0617,node_0500,node_0500,513,513,128,641,171.46,469.54,normal,0.0,yes,1
7,2,block_0618,node_0457,node_0457,541,541,128,669,195.47,473.53,normal,0.0,yes,3
7,2,block_0619,node_0267,node_0267,648,648,128,776,234.2,541.8,normal,0.0,yes,2
7,2,block_0620,node_0426,node_0426,517,517,128,645,197.35,447.65,normal,0.0,yes,1
7,3,block_0621,node_0018,node_0018,418,418,128,546,133.75,412.25,normal,0.0,yes,1
7,3,block_0622,node_0293,node_0293,648,648,128,776,180.8,595.2,normal,0.0,yes,2
7,3,block_0623,node_0030,node_0030,409,409,128,537,177.24,359.76,normal,0.0,yes,3
7,3,block_0624,node_0470,node_0470,526,526,128,654,192.3,461.7,normal,0.0,yes,5
7,3,block_0625,node_0006,node_0006,475,475,128,603,178.26,424.74,normal,0.0,yes,5
7,3,block_0626,node_0303,node_0303,579,579,128,707,223.85,483.15,normal,0.0,yes,2
7,3,block_0627,node_0500,node_0500,517,517,128,645,172.53,472.47,normal,0.0,yes,4
7,3,block_0628,node_0457,node_0457,592,592,128,720,210.37,509.63,normal,0.0,yes,1
7,3,block_0629,node_0267,node_0267,647,647,128,775,233.9,541.1,normal,0.0,yes,3
7,3,block_0630,node_0426,node_0426,646,646,128,774,236.81,537.19,normal,0.0,yes,4
7,4,block_0631,node_0018,node_0018,630,630,128,758,185.68,572.32,normal,0.0,yes,3
7,4,block_0632,node_0293,node_0293,643,643,128,771,179.63,591.37,normal,0.0,yes,7
7,4,block_0633,node_0030,node_0030,409,409,128,537,177.24,359.76,normal,0.0,yes,2
7,4,block_0634,node_0470,node_0470,581,581,128,709,208.47,500.53,normal,0.0,yes,5
7,4,block_0635,node_0006,node_0006,399,399,128,527,155.8,371.2,normal,0.0,yes,4
7,4,block_0636,node_0303,node_0303,601,601,128,729,230.82,498.18,normal,0.0,yes,4
7,4,block_0637,node_0500,node_0500,544,544,128,672,179.76,492.24,normal,0.0,yes,7
7,4,block_0638,node_0457,node_0457,559,559,128,687,200.73,486.27,normal,0.0,yes,8
7,4,block_0639,node_0267,node_0267,487,487,128,615,185.61,429.39,normal,0.0,yes,1
7,4,block_0640,node_0426,node_0426,644,644,128,772,236.2,535.8,normal,0.0,yes,4
7,5,block_0641,node_0018,node_0018,521,521,128,649,158.98,490.02,normal,0.0,yes,2
7,5,block_0642,node_0293,node_0293,576,576,128,704,164.02,539.98,normal,0.0,yes,2
7,5,block_0643,node_0030,node_0030,571,571,128,699,230.71,468.29,normal,0.0,yes,4
7,5,block_0644,node_0470,node_0470,573,573,128,701,206.12,494.88,normal,0.0,yes,2
7,5,block_0645,node_0006,node_0006,645,645,128,773,228.52,544.48,normal,0.0,yes,5
7,5,block_0646,node_0303,node_0303,431,431,128,559,176.99,382.01,normal,0.0,yes,2
7,5,block_0647,node_0500,node_0500,445,445,128,573,153.28,419.72,normal,0.0,yes,2
7,5,block_0648,node_0457,node_0457,457,457,128,585,170.92,414.08,normal,0.0,yes,2
7,5,block_0649,node_0267,node_0267,559,559,128,687,207.34,479.66,normal,0.0,yes,3
7,5,block_0650,node_0426,node_0426,607,607,128,735,224.88,510.12,normal,0.0,yes,3
7,6,block_0651,node_0018,node_0018,414,414,128,542,132.77,409.23,normal,0.0,yes,0
7,6,block_0652,node_0293,node_0293,416,416,128,544,126.75,417.25,normal,0.0,yes,1
7,6,block_0653,node_0030,node_0030,613,613,128,741,244.58,496.42,normal,0.0,yes,3
7,6,block_0654,node_0470,node_0470,523,523,128,651,191.41,459.59,normal,0.0,yes,2
7,6,block_0655,node_0006,node_0006,407,407,128,535,158.16,376.84,normal,0.0,yes,0
7,6,block_0656,node_0303,node_0500,557,557,128,685,183.23,501.77,missed,0.0,yes,1
7,6,block_0657,node_0500,node_0500,647,647,128,775,207.31,567.69,normal,0.0,yes,3
7,6,block_0658,node_0457,node_0457,625,625,128,753,220.01,532.99,normal,0.0,yes,1
7,6,block_0659,node_0267,node_0267,423,423,128,551,166.3,384.7,normal,0.0,yes,4
7,6,block_0660,node_0426,node_0426,649,649,128,777,237.73,539.27,normal,0.0,yes,1
7,7,block_0661,node_0018,node_0018,436,436,128,564,138.15,425.85,normal,0.0,yes,6
7,7,block_0662,node_0293,node_0293,490,490,128,618,143.99,474.01,normal,0.0,yes,5
7,7,block_0663,node_0030,node_0030,507,507,128,635,209.59,425.41,normal,0.0,yes,2
7,7,block_0664,node_0470,node_0470,400,400,128,528,155.25,372.75,normal,0.0,yes,3
7,7,block_0665,node_0006,node_0006,488,488,128,616,182.11,433.89,normal,0.0,yes,13
7,7,block_0666,node_0305,node_0305,542,542,128,670,163.3,506.7,normal,0.0,yes,6
7,7,block_0667,node_0500,node_0500,405,405,128,533,142.58,390.42,normal,0.0,yes,3
7,7,block_0668,node_0457,node_0457,418,418,128,546,159.53,386.47,normal,0.0,yes,4
7,7,block_0669,node_0267,node_0267,564,564,128,692,208.85,483.15,normal,0.0,yes,4
7,7,block_0670,node_0426,node_0426,630,630,128,758,231.92,526.08,normal,0.0,yes,3
7,8,block_0671,node_0018,node_0018,431,431,128,559,136.93,422.07,normal,0.0,yes,4
7,8,block_0672,node_0293,node_0293,531,531,128,659,153.54,505.46,normal,0.0,yes,2
7,8,block_0673,node_0030,node_0030,643,643,128,771,254.48,516.52,normal,0.0,yes,7
7,8,block_0674,node_0470,node_0470,502,502,128,630,185.24,444.76,normal,0.0,yes,9
7,8,block_0675,node_0006,node_0006,538,538,128,666,196.89,469.11,normal,0.0,yes,4
7,8,block_0676,node_0305,node_0305,407,407,128,535,130.4,404.6,normal,0.0,yes,4
7,8,block_0677,node_0500,node_0500,583,583,128,711,190.19,520.81,normal,0.0,yes,0
7,8,block_0678,node_0457,node_0267,454,454,128,582,175.65,406.35,missed,0.0,yes,1
7,8,block_0679,node_0267,node_0267,408,408,128,536,161.77,374.23,normal,0.0,yes,5
7,8,block_0680,node_0426,node_0426,552,552,128,680,208.05,471.95,normal,0.0,yes,0
7,9,block_0681,node_0018,node_0018,415,415,128,543,133.01,409.99,normal,0.0,yes,0
7,9,block_0682,node_0293,node_0293,463,463,128,591,137.7,453.3,normal,0.0,yes,2
7,9,block_0683,node_0030,node_0030,494,494,128,622,205.3,416.7,normal,0.0,yes,0
7,9,block_0684,node_0470,node_0470,646,646,128,774,227.58,546.42,normal,0.0,yes,4
7,9,block_0685,node_0006,node_0006,648,648,128,776,229.41,546.59,normal,0.0,yes,2
7,9,block_0686,node_0305,node_0305,445,445,128,573,139.66,433.34,normal,0.0,yes,2
7,9,block_0687,node_0500,node_0500,626,626,128,754,201.69,552.31,normal,0.0,yes,4
7,9,block_0688,node_0219,node_0219,444,444,128,572,164.25,407.75,normal,0.0,yes,4
7,9,block_0689,node_0267,node_0267,511,511,128,639,192.86,446.14,normal,0.0,yes,4
7,9,block_0690,node_0426,node_0426,574,574,128,702,214.79,487.21,normal,0.0,yes,2
7,10,block_0691,node_0018,node_0018,546,546,128,674,165.1,508.9,normal,0.0,yes,0
7,10,block_0692,node_0293,node_0293,475,475,128,603,140.49,462.51,normal,0.0,yes,3
7,10,block_0693,node_0030,node_0030,637,637,128,765,252.5,512.5,normal,0.0,yes,3
7,10,block_0694,node_0470,node_0470,642,642,128,770,226.4,543.6,normal,0.0,yes,8
7,10,block_0695,node_0006,node_0006,646,646,128,774,228.82,545.18,normal,0.0,yes,4
7,10,block_0696,node_0305,node_0305,557,557,128,685,166.96,518.04,normal,0.0,yes,1
7,10,block_0697,node_0500,node_0500,648,648,128,776,207.58,568.42,normal,0.0,yes,2
7,10,block_0698,node_0219,node_0219,578,578,128,706,202.73,503.27,normal,0.0,yes,1
7,10,block_0699,node_0267,node_0267,643,643,128,771,232.69,538.31,normal,0.0,yes,1
7,10,block_0700,node_0426,node_0426,645,645,128,773,236.51,536.49,normal,0.0,yes,5
8,1,block_0701,node_0128,node_0128,574,574,128,702,197.79,504.21,malicious,870.55,yes,4
8,1,block_0702,node_0365,node_0365,646,646,128,774,226.76,547.24,normal,0.0,yes,4
8,1,block_0703,node_0448,node_0448,420,420,128,548,181.63,366.37,malicious,1418.67,yes,0
8,1,block_0704,node_0191,node_0191,647,647,128,775,222.23,552.77,normal,0.0,yes,3
8,1,block_0705,node_0444,node_0444,459,459,128,587,181.9,405.1,normal,0.0,yes,3
8,1,block_0706,node_0363,node_0363,648,648,128,776,168.86,607.14,normal,0.0,yes,2
8,1,block_0707,node_0114,node_0114,634,634,128,762,206.97,555.03,normal,0.0,yes,1
8,1,block_0708,node_0339,node_0339,479,479,128,607,152.77,454.23,normal,0.0,yes,2
8,1,block_0709,node_0050,node_0050,501,501,128,629,176.18,452.82,normal,0.0,yes,3
8,1,block_0710,node_0133,node_0133,417,417,128,545,148.17,396.83,normal,0.0,yes,1
8,2,block_0711,node_0303,node_0303,557,557,128,685,218.25,466.75,normal,0.0,yes,1
8,2,block_0712,node_0365,node_0365,650,650,128,778,227.93,550.07,normal,0.0,yes,0
8,2,block_0713,node_0377,node_0377,555,555,128,683,200.3,482.7,normal,0.0,yes,0
8,2,block_0714,node_0191,node_0191,533,533,128,661,189.54,471.46,normal,0.0,yes,1
8,2,block_0715,node_0444,node_0444,496,496,128,624,193.36,430.64,normal,0.0,yes,1
8,2,block_0716,node_0363,node_0363,649,649,128,777,169.08,607.92,normal,0.0,yes,1
8,2,block_0717,node_0114,node_0114,648,648,128,776,210.77,565.23,normal,0.0,yes,2
8,2,block_0718,node_0339,node_0339,464,464,128,592,148.99,443.01,normal,0.0,yes,3
8,2,block_0719,node_0050,node_0050,647,647,128,775,217.07,557.93,normal,0.0,yes,2
8,2,block_0720,node_0133,node_0133,453,453,128,581,157.96,423.04,normal,0.0,yes,4
8,3,block_0721,node_0303,node_0303,642,642,128,770,245.33,524.67,normal,0.0,yes,8
8,3,block_0722,node_0365,node_0365,649,649,128,777,227.64,549.36,malicious,1014.97,yes,1
8,3,block_0723,node_0377,node_0377,612,612,128,740,217.02,522.98,malicious,850.54,yes,2
8,3,block_0724,node_0191,node_0191,647,647,128,775,222.23,552.77,normal,0.0,yes,3
8,3,block_0725,node_0444,node_0444,579,579,128,707,219.08,487.92,normal,0.0,yes,4
8,3,block_0726,node_0363,node_0363,607,607,128,735,159.94,575.06,normal,0.0,yes,2
8,3,block_0727,node_0114,node_0114,548,548,128,676,183.61,492.39,normal,0.0,yes,4
8,3,block_0728,node_0339,node_0339,426,426,128,554,139.43,414.57,normal,0.0,yes,6
8,3,block_0729,node_0050,node_0050,646,646,128,774,216.79,557.21,normal,0.0,yes,4
8,3,block_0730,node_0133,node_0133,636,636,128,764,207.71,556.29,normal,0.0,yes,2
8,4,block_0731,node_0303,node_0303,649,649,128,777,247.56,529.44,normal,0.0,yes,1
8,4,block_0732,node_0343,node_0343,422,422,128,550,175.49,374.51,normal,0.0,yes,3
8,4,block_0733,node_0346,node_0346,592,592,128,720,192.8,527.2,normal,0.0,yes,2
8,4,block_0734,node_0191,node_0191,416,416,128,544,155.99,388.01,normal,0.0,yes,1
8,4,block_0735,node_0444,node_0444,546,546,128,674,208.86,465.14,normal,0.0,yes,0
8,4,block_0736,node_0363,node_0363,399,399,128,527,114.68,412.32,normal,0.0,yes,1
8,4,block_0737,node_0114,node_0114,606,606,128,734,199.36,534.64,normal,0.0,yes,0
8,4,block_0738,node_0339,node_0339,469,469,128,597,150.25,446.75,normal,0.0,yes,7
8,4,block_0739,node_0050,node_0050,588,588,128,716,200.55,515.45,normal,0.0,yes,3
8,4,block_0740,node_0133,node_0133,647,647,128,775,210.7,564.3,normal,0.0,yes,3
8,5,block_0741,node_0303,node_0303,604,604,128,732,233.23,498.77,normal,0.0,yes,3
8,5,block_0742,node_0343,node_0346,634,634,128,762,204.05,557.95,missed,0.0,yes,5
8,5,block_0743,node_0346,node_0346,646,646,128,774,207.26,566.74,normal,0.0,yes,4
8,5,block_0744,node_0191,node_0191,545,545,128,673,192.98,480.02,normal,0.0,yes,1
8,5,block_0745,node_0444,node_0444,511,511,128,639,198.01,440.99,normal,0.0,yes,4
8,5,block_0746,node_0363,node_0363,520,520,128,648,141.01,506.99,normal,0.0,yes,2
8,5,block_0747,node_0114,node_0114,648,648,128,776,210.77,565.23,normal,0.0,yes,2
8,5,block_0748,node_0339,node_0339,569,569,128,697,175.42,521.58,normal,0.0,yes,4
8,5,block_0749,node_0050,node_0050,596,596,128,724,202.79,521.21,normal,0.0,yes,10
8,5,block_0750,node_0133,node_0133,623,623,128,751,204.18,546.82,normal,0.0,yes,7
8,6,block_0751,node_0303,node_0303,648,648,128,776,247.25,528.75,normal,0.0,yes,2
8,6,block_0752,node_0249,node_0249,500,500,128,628,155.94,472.06,normal,0.0,yes,6
8,6,block_0753,node_0346,node_0346,485,485,128,613,164.15,448.85,normal,0.0,yes,2
8,6,block_0754,node_0191,node_0191,459,459,128,587,168.32,418.68,normal,0.0,yes,3
8,6,block_0755,node_0444,node_0444,648,648,128,776,240.47,535.53,normal,0.0,yes,2
8,6,block_0756,node_0363,node_0363,592,592,128,720,156.68,563.32,normal,0.0,yes,3
8,6,block_0757,node_0114,node_0114,640,640,128,768,208.6,559.4,normal,0.0,yes,5
8,6,block_0758,node_0339,node_0339,465,465,128,593,149.24,443.76,normal,0.0,yes,2
8,6,block_0759,node_0050,node_0050,649,649,128,777,217.63,559.37,normal,0.0,yes,1
8,6,block_0760,node_0133,node_0133,647,647,128,775,210.7,564.3,normal,0.0,yes,3
8,7,block_0761,node_0303,node_0303,644,644,128,772,245.97,526.03,normal,0.0,yes,4
8,7,block_0762,node_0249,node_0249,599,599,128,727,180.52,546.48,normal,0.0,yes,6
8,7,block_0763,node_0346,node_0346,504,504,128,632,169.24,462.76,normal,0.0,yes,4
8,7,block_0764,node_0191,node_0191,642,642,128,770,220.8,549.2,normal,0.0,yes,8
8,7,block_0765,node_0444,node_0444,606,606,128,734,227.45,506.55,malicious,1399.55,yes,3
8,7,block_0766,node_0363,node_0363,572,572,128,700,152.33,547.67,normal,0.0,yes,7
8,7,block_0767,node_0114,node_0114,482,482,128,610,165.68,444.32,normal,0.0,yes,9
8,7,block_0768,node_0339,node_0339,402,402,128,530,133.39,396.61,normal,0.0,yes,3
8,7,block_0769,node_0050,node_0050,644,644,128,772,216.23,555.77,normal,0.0,yes,6
8,7,block_0770,node_0133,node_0133,499,499,128,627,170.47,456.53,normal,0.0,yes,5
8,8,block_0771,node_0303,node_0303,592,592,128,720,229.4,490.6,normal,0.0,yes,12
8,8,block_0772,node_0249,node_0249,437,437,128,565,140.3,424.7,normal,0.0,yes,8
8,8,block_0773,node_0346,node_0346,425,425,128,553,148.08,404.92,normal,0.0,yes,3
8,8,block_0774,node_0191,node_0191,646,646,128,774,221.94,552.06,normal,0.0,yes,4
8,8,block_0775,node_0112,node_0112,641,641,128,769,171.84,597.16,normal,0.0,yes,9
8,8,block_0776,node_0363,node_0363,426,426,128,554,120.56,433.44,normal,0.0,yes,4
8,8,block_0777,node_0114,node_0114,406,406,128,534,145.04,388.96,normal,0.0,yes,3
8,8,block_0778,node_0339,node_0339,513,513,128,641,161.33,479.67,normal,0.0,yes,5
8,8,block_0779,node_0050,node_0050,625,625,128,753,210.91,542.09,normal,0.0,yes,2
8,8,block_0780,node_0133,node_0133,482,482,128,610,165.85,444.15,normal,0.0,yes,6
8,9,block_0781,node_0303,node_0303,449,449,128,577,183.84,393.16,normal,0.0,yes,0
8,9,block_0782,node_0249,node_0249,569,569,128,697,173.07,523.93,normal,0.0,yes,3
8,9,block_0783,node_0346,node_0346,535,535,128,663,177.54,485.46,normal,0.0,yes,1
8,9,block_0784,node_0191,node_0191,447,447,128,575,164.88,410.12,normal,0.0,yes,2
8,9,block_0785,node_0112,node_0363,486,486,128,614,133.61,480.39,missed,0.0,yes,3
8,9,block_0786,node_0363,node_0363,466,466,128,594,129.26,464.74,normal,0.0,yes,0
8,9,block_0787,node_0114,node_0114,647,647,128,775,210.5,564.5,normal,0.0,yes,3
8,9,block_0788,node_0339,node_0339,645,645,128,773,194.55,578.45,normal,0.0,yes,5
8,9,block_0789,node_0050,node_0050,423,423,128,551,154.33,396.67,normal,0.0,yes,3
8,9,block_0790,node_0133,node_0133,482,482,128,610,165.85,444.15,normal,0.0,yes,6
8,10,block_0791,node_0303,node_0303,505,505,128,633,201.68,431.32,normal,0.0,yes,12
8,10,block_0792,node_0249,node_0249,640,640,128,768,190.7,577.3,normal,0.0,yes,10
8,10,block_0793,node_0346,node_0346,558,558,128,686,183.7,502.3,normal,0.0,yes,7
8,10,block_0794,node_0191,node_0191,645,645,128,773,221.66,551.34,normal,0.0,yes,5
8,10,block_0795,node_0053,node_0053,554,554,128,682,222.9,459.1,normal,0.0,yes,10
8,10,block_0796,node_0363,node_0363,436,436,128,564,122.73,441.27,normal,0.0,yes,1
8,10,block_0797,node_0114,node_0114,431,431,128,559,151.83,407.17,normal,0.0,yes,9
8,10,block_0798,node_0339,node_0339,429,429,128,557,140.18,416.82,normal,0.0,yes,3
8,10,block_0799,node_0050,node_0050,577,577,128,705,197.47,507.53,normal,0.0,yes,2
8,10,block_0800,node_0133,node_0133,590,590,128,718,195.21,522.79,normal,0.0,yes,5
9,1,block_0801,node_0105,node_0105,603,603,128,731,165.67,565.33,normal,0.0,yes,5
9,1,block_0802,node_0253,node_0253,411,411,128,539,160.37,378.63,normal,0.0,yes,2
9,1,block_0803,node_0413,node_0413,614,614,128,742,205.74,536.26,normal,0.0,yes,7
9,1,block_0804,node_0262,node_0262,528,528,128,656,175.73,480.27,normal,0.0,yes,4
9,1,block_0805,node_0442,node_0442,592,592,128,720,214.15,505.85,normal,0.0,yes,5
9,1,block_0806,node_0250,node_0250,544,544,128,672,189.09,482.91,normal,0.0,yes,0
9,1,block_0807,node_0046,node_0046,472,472,128,600,141.43,458.57,normal,0.0,yes,3
9,1,block_0808,node_0238,node_0238,627,627,128,755,283.88,471.12,normal,0.0,yes,1
9,1,block_0809,node_0305,node_0305,432,432,128,560,134.52,425.48,normal,0.0,yes,1
9,1,block_0810,node_0471,node_0471,475,475,128,603,143.42,459.58,normal,0.0,yes,0
9,2,block_0811,node_0105,node_0105,520,520,128,648,146.86,501.14,malicious,405.62,yes,0
9,2,block_0812,node_0253,node_0253,641,641,128,769,228.8,540.2,normal,0.0,yes,4
9,2,block_0813,node_0413,node_0413,454,454,128,582,161.38,420.62,normal,0.0,yes,2
9,2,block_0814,node_0262,node_0262,647,647,128,775,207.6,567.4,normal,0.0,yes,3
9,2,block_0815,node_0442,node_0442,512,512,128,640,190.36,449.64,normal,0.0,yes,1
9,2,block_0816,node_0250,node_0250,548,548,128,676,190.21,485.79,normal,0.0,yes,3
9,2,block_0817,node_0046,node_0046,469,469,128,597,140.72,456.28,normal,0.0,yes,0
9,2,block_0818,node_0238,node_0238,649,649,128,777,292.15,484.85,normal,0.0,yes,1
9,2,block_0819,node_0305,node_0305,641,641,128,769,184.73,584.27,normal,0.0,yes,9
9,2,block_0820,node_0471,node_0471,532,532,128,660,156.98,503.02,normal,0.0,yes,4
9,3,block_0821,node_0040,node_0040,650,650,128,778,222.85,555.15,normal,0.0,yes,0
9,3,block_0822,node_0253,node_0253,482,482,128,610,181.49,428.51,malicious,1167.23,yes,5
9,3,block_0823,node_0413,node_0413,525,525,128,653,181.07,471.93,normal,0.0,yes,2
9,3,block_0824,node_0262,node_0262,537,537,128,665,178.14,486.86,normal,0.0,yes,2
9,3,block_0825,node_0442,node_0442,617,617,128,745,221.59,523.41,normal,0.0,yes,0
9,3,block_0826,node_0250,node_0250,460,460,128,588,165.45,422.55,normal,0.0,yes,3
9,3,block_0827,node_0046,node_0238,646,646,128,774,291.03,482.97,missed,0.0,yes,4
9,3,block_0828,node_0238,node_0238,620,620,128,748,281.25,466.75,normal,0.0,yes,2
9,3,block_0829,node_0305,node_0305,642,642,128,770,184.97,585.03,normal,0.0,yes,2
9,3,block_0830,node_0471,node_0471,472,472,128,600,142.71,457.29,normal,0.0,yes,2
9,4,block_0831,node_0040,node_0040,603,603,128,731,209.39,521.61,normal,0.0,yes,11
9,4,block_0832,node_0083,node_0083,650,650,128,778,179.63,598.37,normal,0.0,yes,0
9,4,block_0833,node_0413,node_0262,647,647,128,775,207.6,567.4,missed,0.0,yes,3
9,4,block_0834,node_0262,node_0262,649,649,128,777,208.14,568.86,normal,0.0,yes,1
9,4,block_0835,node_0442,node_0442,650,650,128,778,231.4,546.6,malicious,1141.94,yes,0
9,4,block_0836,node_0250,node_0250,499,499,128,627,176.42,450.58,normal,0.0,yes,0
9,4,block_0837,node_0449,node_0449,649,649,128,777,206.64,570.36,normal,0.0,yes,1
9,4,block_0838,node_0238,node_0238,627,627,128,755,283.88,471.12,normal,0.0,yes,0
9,4,block_0839,node_0305,node_0305,637,637,128,765,183.77,581.23,normal,0.0,yes,1
9,4,block_0840,node_0471,node_0471,493,493,128,621,147.7,473.3,normal,0.0,yes,1
9,5,block_0841,node_0040,node_0040,543,543,128,671,192.2,478.8,normal,0.0,yes,2
9,5,block_0842,node_0083,node_0083,624,624,128,752,173.62,578.38,normal,0.0,yes,2
9,5,block_0843,node_0122,node_0122,452,452,128,580,132.29,447.71,normal,0.0,yes,2
9,5,block_0844,node_0262,node_0262,412,412,128,540,144.65,395.35,normal,0.0,yes,2
9,5,block_0845,node_0141,node_0141,622,622,128,750,202.29,547.71,normal,0.0,yes,2
9,5,block_0846,node_0250,node_0250,568,568,128,696,195.84,500.16,normal,0.0,yes,2
9,5,block_0847,node_0449,node_0449,627,627,128,755,200.79,554.21,normal,0.0,yes,6
9,5,block_0848,node_0238,node_0238,650,650,128,778,292.53,485.47,normal,0.0,yes,0
9,5,block_0849,node_0305,node_0305,648,648,128,776,186.41,589.59,normal,0.0,yes,2
9,5,block_0850,node_0471,node_0471,534,534,128,662,157.46,504.54,normal,0.0,yes,1
9,6,block_0851,node_0040,node_0040,519,519,128,647,185.33,461.67,normal,0.0,yes,4
9,6,block_0852,node_0083,node_0083,523,523,128,651,150.3,500.7,normal,0.0,yes,4
9,6,block_0853,node_0122,node_0122,437,437,128,565,128.87,436.13,normal,0.0,yes,3
9,6,block_0854,node_0262,node_0262,605,605,128,733,196.35,536.65,normal,0.0,yes,8
9,6,block_0855,node_0141,node_0141,641,641,128,769,207.41,561.59,normal,0.0,yes,9
9,6,block_0856,node_0250,node_0250,533,533,128,661,185.99,475.01,normal,0.0,yes,3
9,6,block_0857,node_0449,node_0449,576,576,128,704,187.22,516.78,normal,0.0,yes,4
9,6,block_0858,node_0238,node_0238,460,460,128,588,221.09,366.91,normal,0.0,yes,7
9,6,block_0859,node_0305,node_0305,504,504,128,632,151.82,480.18,normal,0.0,yes,5
9,6,block_0860,node_0471,node_0471,615,615,128,743,176.72,566.28,normal,0.0,yes,3
9,7,block_0861,node_0040,node_0040,622,622,128,750,214.83,535.17,normal,0.0,yes,2
9,7,block_0862,node_0083,node_0083,641,641,128,769,177.55,591.45,normal,0.0,yes,9
9,7,block_0863,node_0122,node_0122,565,565,128,693,158.07,534.93,normal,0.0,yes,1
9,7,block_0864,node_0262,node_0262,450,450,128,578,154.83,423.17,normal,0.0,yes,4
9,7,block_0865,node_0141,node_0141,647,647,128,775,209.03,565.97,normal,0.0,yes,3
9,7,block_0866,node_0250,node_0250,622,622,128,750,211.03,538.97,normal,0.0,yes,9
9,7,block_0867,node_0449,node_0238,529,529,128,657,247.03,409.97,missed,0.0,yes,7
9,7,block_0868,node_0238,node_0238,502,502,128,630,236.88,393.12,normal,0.0,yes,10
9,7,block_0869,node_0305,node_0305,594,594,128,722,173.44,548.56,normal,0.0,yes,9
9,7,block_0870,node_0471,node_0471,544,544,128,672,159.83,512.17,normal,0.0,yes,5
9,8,block_0871,node_0040,node_0040,614,614,128,742,212.54,529.46,normal,0.0,yes,7
9,8,block_0872,node_0083,node_0083,483,483,128,611,141.07,469.93,normal,0.0,yes,5
9,8,block_0873,node_0122,node_0122,465,465,128,593,135.26,457.74,normal,0.0,yes,6
9,8,block_0874,node_0262,node_0262,623,623,128,751,201.17,549.83,normal,0.0,yes,3
9,8,block_0875,node_0141,node_0141,395,395,128,523,141.06,381.94,normal,0.0,yes,5
9,8,block_0876,node_0250,node_0250,588,588,128,716,201.47,514.53,normal,0.0,yes,4
9,8,block_0877,node_0443,node_0443,497,497,128,625,152.42,472.58,normal,0.0,yes,7
9,8,block_0878,node_0238,node_0238,640,640,128,768,288.77,479.23,normal,0.0,yes,10
9,8,block_0879,node_0305,node_0305,460,460,128,588,141.25,446.75,normal,0.0,yes,6
9,8,block_0880,node_0471,node_0471,645,645,128,773,183.86,589.14,normal,0.0,yes,5
9,9,block_0881,node_0040,node_0040,647,647,128,775,221.99,553.01,malicious,1014.95,yes,3
9,9,block_0882,node_0083,node_0083,641,641,128,769,177.55,591.45,normal,0.0,yes,9
9,9,block_0883,node_0122,node_0122,607,607,128,735,167.65,567.35,normal,0.0,yes,3
9,9,block_0884,node_0262,node_0262,633,633,128,761,203.85,557.15,normal,0.0,yes,4
9,9,block_0885,node_0141,node_0141,647,647,128,775,209.03,565.97,normal,0.0,yes,3
9,9,block_0886,node_0250,node_0250,472,472,128,600,168.83,431.17,normal,0.0,yes,2
9,9,block_0887,node_0443,node_0443,447,447,128,575,140.22,434.78,normal,0.0,yes,5
9,9,block_0888,node_0238,node_0238,559,559,128,687,258.31,428.69,normal,0.0,yes,1
9,9,block_0889,node_0305,node_0305,553,553,128,681,163.59,517.41,normal,0.0,yes,3
9,9,block_0890,node_0471,node_0471,453,453,128,581,138.19,442.81,normal,0.0,yes,1
9,10,block_0891,node_0008,node_0008,616,616,128,744,151.21,592.79,normal,0.0,yes,3
9,10,block_0892,node_0083,node_0083,618,618,128,746,172.24,573.76,normal,0.0,yes,4
9,10,block_0893,node_0122,node_0122,617,617,128,745,169.93,575.07,normal,0.0,yes,3
9,10,block_0894,node_0262,node_0262,639,639,128,767,205.46,561.54,normal,0.0,yes,0
9,10,block_0895,node_0141,node_0141,617,617,128,745,200.94,544.06,normal,0.0,yes,1
9,10,block_0896,node_0250,node_0250,635,635,128,763,214.69,548.31,normal,0.0,no,2
9,10,block_0897,node_0443,node_0443,441,441,128,569,138.76,430.24,malicious,391.99,no,4
9,10,block_0898,node_0238,node_0238,648,648,128,776,291.78,484.22,normal,0.0,no,2
9,10,block_0899,node_0305,node_0305,649,649,128,777,186.65,590.35,normal,0.0,no,1
9,10,block_0900,node_0471,node_0471,596,596,128,724,172.2,551.8,normal,0.0,no,4
10,1,block_0901,node_0138,node_0138,648,648,128,776,226.9,549.1,normal,0.0,no,2
10,1,block_0902,node_0457,node_0457,497,497,128,625,175.31,449.69,normal,0.0,no,2
