account_id,initial_stake,final_stake,status,blocks_produced,total_rewards,total_slashed,times_downgraded
node_0001,1874.0,3333.49,voter,15,2630.49,0.0,0
node_0002,4062.0,3643.55,voter,0,447.55,0.0,0
node_0003,8985.0,14064.85,voter,0,3132.85,0.0,0
node_0004,570.0,6.59,voter,0,94.59,0.0,0
node_0005,3861.0,3766.0,voter,0,0.0,0.0,0
node_0006,9245.0,9117.31,voter,10,3142.31,0.0,0
node_0007,3661.0,4789.86,voter,4,1205.86,0.0,1
node_0008,156.0,1002.9,CBP,1,200.9,0.0,0
node_0009,6974.0,7281.33,voter,0,1619.33,0.0,0
node_0010,3577.0,5511.84,voter,10,1872.84,0.0,0
node_0011,1724.0,159.14,voter,0,32.14,0.0,0
node_0012,5931.0,6123.24,voter,0,1090.24,0.0,0
node_0013,761.0,1645.21,voter,0,21.21,0.0,0
node_0014,6251.0,7719.94,BP,5,1877.94,0.0,1
node_0015,5975.0,6399.5,voter,0,1343.5,0.0,0
node_0016,800.0,249.44,voter,0,163.44,0.0,0
node_0017,1357.0,1459.89,voter,10,1739.89,0.0,0
node_0018,6277.0,6124.07,voter,10,2515.07,0.0,0
node_0019,2714.0,1828.32,voter,0,147.32,0.0,0
node_0020,4424.0,7381.28,voter,0,1213.28,0.0,0
node_0021,2853.0,1541.28,voter,0,325.28,0.0,0
node_0022,2727.0,69.32,voter,0,97.32,0.0,0
node_0023,9175.0,10543.81,voter,2,3978.62,1034.81,1
node_0024,966.0,409.72,voter,0,66.72,0.0,0
node_0025,5218.0,4311.18,voter,0,556.18,0.0,0
node_0026,3506.0,2783.92,voter,0,206.92,0.0,0
node_0027,3533.0,2744.77,voter,0,1379.77,0.0,0
node_0028,7567.0,8647.17,voter,0,1880.17,0.0,0
node_0029,4090.0,3866.04,voter,0,455.04,0.0,0
node_0030,9627.0,15921.76,voter,10,4683.76,0.0,0
node_0031,5980.0,3552.8,voter,0,545.8,0.0,0
node_0032,8398.0,6449.1,voter,2,1104.41,806.31,1
node_0033,1846.0,1725.33,voter,0,250.33,0.0,0
node_0034,6966.0,8125.96,voter,3,2111.84,769.88,1
node_0035,6302.0,5523.38,voter,0,1525.38,0.0,0
node_0036,8719.0,14826.47,voter,11,6254.47,0.0,0
node_0037,1926.0,1620.09,voter,2,603.78,41.69,1
node_0038,5623.0,6317.88,voter,0,716.88,0.0,0
node_0039,2641.0,5476.79,voter,3,1196.79,0.0,0
node_0040,8251.0,8969.59,voter,7,2314.55,1014.95,1
node_0041,4939.0,1976.32,voter,0,181.32,0.0,0
node_0042,2554.0,247.93,voter,0,293.93,0.0,0
node_0043,8887.0,6601.31,voter,0,1010.31,0.0,0
node_0044,9863.0,10953.47,voter,0,2332.47,0.0,0
node_0045,1882.0,2143.91,voter,7,1288.91,0.0,0
node_0046,3973.0,3273.0,voter,2,587.0,0.0,1
node_0047,1453.0,474.02,voter,0,85.02,0.0,0
node_0048,8777.0,18507.59,voter,30,10118.59,0.0,0
node_0049,7837.0,9469.08,voter,0,505.08,0.0,0
node_0050,4392.0,9890.32,voter,10,3388.32,0.0,0
node_0051,3520.0,1757.72,voter,0,332.72,0.0,0
node_0052,5157.0,5975.51,voter,0,1276.51,0.0,0
node_0053,7227.0,8263.77,voter,1,2260.77,0.0,0
node_0054,2032.0,1271.15,voter,0,305.15,0.0,0
node_0055,5589.0,868.54,voter,0,200.54,0.0,0
node_0056,9691.0,11322.33,voter,0,1662.33,0.0,0
node_0057,1014.0,592.93,voter,0,272.93,0.0,0
node_0058,5463.0,4865.0,voter,0,474.0,0.0,0
node_0059,4612.0,4765.87,voter,0,392.87,0.0,0
node_0060,8884.0,9562.93,voter,0,694.93,0.0,0
node_0061,4031.0,3715.54,voter,0,582.54,0.0,0
node_0062,3169.0,2478.81,voter,0,595.81,0.0,0
node_0063,5854.0,6028.8,voter,10,2495.8,0.0,0
node_0064,937.0,399.9,voter,0,223.9,0.0,0
node_0065,1043.0,650.76,voter,0,131.76,0.0,0
node_0066,1840.0,46.11,voter,0,17.11,0.0,0
node_0067,8836.0,11924.8,voter,15,6318.8,0.0,0
node_0068,3056.0,1841.99,voter,0,186.99,0.0,0
node_0069,1285.0,928.7,voter,0,645.7,0.0,0
node_0070,878.0,1064.23,voter,0,249.23,0.0,0
node_0071,1578.0,333.61,voter,0,346.61,0.0,0
node_0072,2774.0,881.63,voter,0,349.63,0.0,0
node_0073,3552.0,4374.4,CBP,0,596.4,0.0,0
node_0074,2747.0,3080.72,BP,0,63.72,0.0,0
node_0075,4395.0,5014.11,voter,0,713.11,0.0,0
node_0076,4723.0,4166.21,voter,0,437.21,0.0,0
node_0077,2586.0,1573.47,voter,0,237.47,0.0,0
node_0078,1008.0,187.05,voter,6,843.05,0.0,0
node_0079,5188.0,2519.13,voter,0,236.13,0.0,0
node_0080,8288.0,9234.72,voter,0,1852.72,0.0,0
node_0081,981.0,284.6,voter,0,26.6,0.0,0
node_0082,3094.0,1307.17,voter,0,350.17,0.0,0
node_0083,3903.0,3677.42,voter,7,1438.42,0.0,0
node_0084,9535.0,8951.51,voter,0,2306.51,0.0,0
node_0085,6918.0,5299.97,CBP,0,1026.97,0.0,0
node_0086,4322.0,1937.36,voter,0,1069.36,0.0,0
node_0087,3960.0,3971.97,voter,0,322.97,0.0,0
node_0088,4965.0,5868.16,voter,0,1445.16,0.0,0
node_0089,202.0,197.88,CBP,0,94.88,0.0,0
node_0090,1250.0,723.43,voter,0,26.43,0.0,0
node_0091,2220.0,784.11,voter,0,475.11,0.0,0
node_0092,4052.0,2226.31,voter,0,454.31,0.0,0
node_0093,7229.0,10145.11,voter,0,3217.11,0.0,0
node_0094,8716.0,8470.9,voter,0,590.9,0.0,0
node_0095,1747.0,388.86,voter,0,191.86,0.0,0
node_0096,4383.0,2069.9,voter,0,282.9,0.0,0
node_0097,9114.0,8926.97,voter,8,2239.97,0.0,0
node_0098,9959.0,10727.85,CBP,0,2906.85,0.0,0
node_0099,3385.0,428.58,voter,0,169.58,0.0,0
node_0100,8330.0,7007.26,voter,0,1222.26,0.0,0
node_0101,1562.0,1591.56,voter,0,77.56,0.0,0
node_0102,772.0,397.85,voter,0,41.85,0.0,0
node_0103,4341.0,3409.58,voter,0,440.58,0.0,0
node_0104,9088.0,8096.53,voter,0,2824.53,0.0,0
node_0105,1882.0,3100.55,CBP,2,936.17,405.62,1
node_0106,8988.0,10777.2,voter,10,2249.2,0.0,0
node_0107,9593.0,12563.75,voter,0,4028.75,0.0,0
node_0108,2138.0,1624.76,voter,0,231.76,0.0,0
node_0109,703.0,563.89,voter,0,39.89,0.0,0
node_0110,4138.0,4597.02,voter,0,192.02,0.0,0
node_0111,9223.0,11974.0,voter,0,2908.0,0.0,0
node_0112,2582.0,1662.86,voter,1,763.86,0.0,1
node_0113,2712.0,2124.67,voter,0,83.67,0.0,0
node_0114,6805.0,8950.12,voter,10,2476.12,0.0,0
node_0115,6795.0,8074.26,voter,0,1379.26,0.0,0
node_0116,4421.0,4786.26,voter,10,2539.26,0.0,0
node_0117,6317.0,6315.01,voter,0,1543.01,0.0,0
node_0118,3694.0,5815.69,voter,5,1282.69,0.0,1
node_0119,5778.0,6830.64,voter,0,1209.64,0.0,0
node_0120,3702.0,58.56,voter,0,311.56,0.0,0
node_0121,6578.0,6809.64,voter,9,2343.64,0.0,1
node_0122,4623.0,3813.34,voter,6,948.34,0.0,0
node_0123,8835.0,8429.83,voter,0,2097.83,0.0,0
node_0124,1939.0,3164.42,voter,0,103.42,0.0,0
node_0125,2975.0,2217.18,voter,0,789.18,0.0,0
node_0126,676.0,548.68,voter,0,8.68,0.0,0
node_0127,5713.0,5703.6,voter,0,1066.6,0.0,0
node_0128,7199.0,7651.19,voter,1,1513.74,870.55,1
node_0129,6361.0,9157.37,voter,0,1537.37,0.0,0
node_0130,4223.0,2297.83,voter,0,219.83,0.0,0
node_0131,77.0,839.14,voter,0,109.14,0.0,0
node_0132,6017.0,4848.74,voter,0,918.74,0.0,0
node_0133,5193.0,6991.23,voter,10,2516.23,0.0,0
node_0134,4970.0,4321.15,voter,0,1134.15,0.0,0
node_0135,5394.0,6347.74,voter,3,1886.74,0.0,0
node_0136,9133.0,16055.21,voter,11,6572.21,0.0,0
node_0137,6261.0,6229.85,voter,0,705.85,0.0,0
node_0138,9374.0,12038.37,BP,1,2922.37,0.0,0
node_0139,5028.0,7554.96,voter,0,1601.96,0.0,0
node_0140,9552.0,8442.86,voter,1,3297.86,0.0,1
node_0141,7668.0,9333.27,voter,6,2159.27,0.0,0
node_0142,8425.0,7731.61,voter,0,1324.61,0.0,0
node_0143,1439.0,515.64,voter,0,153.64,0.0,0
node_0144,1580.0,671.66,voter,0,14.66,0.0,0
node_0145,5135.0,5423.58,voter,0,245.58,0.0,0
node_0146,2464.0,1915.62,voter,0,214.62,0.0,0
node_0147,7834.0,6194.94,voter,0,326.94,0.0,0
node_0148,7511.0,4922.21,voter,0,808.21,0.0,0
node_0149,6341.0,6904.07,voter,0,591.07,0.0,0
node_0150,2467.0,2898.2,voter,0,152.2,0.0,0
node_0151,1796.0,2065.83,voter,0,481.83,0.0,0
node_0152,2931.0,2389.12,voter,10,1775.12,0.0,0
node_0153,872.0,554.82,voter,2,356.82,0.0,0
node_0154,7528.0,8149.84,voter,0,1568.84,0.0,0
node_0155,8752.0,8576.25,voter,0,1264.25,0.0,0
node_0156,7301.0,2639.74,voter,0,697.74,0.0,0
node_0157,9026.0,8324.36,voter,0,320.36,0.0,0
node_0158,7827.0,8361.39,voter,0,2498.39,0.0,0
node_0159,4593.0,4040.55,voter,0,77.55,0.0,0
node_0160,3969.0,3040.6,voter,0,181.6,0.0,0
node_0161,4731.0,5423.9,voter,0,1403.9,0.0,0
node_0162,5288.0,4360.23,voter,0,334.23,0.0,0
node_0163,2317.0,2222.78,voter,0,396.78,0.0,0
node_0164,2553.0,2193.95,voter,0,171.95,0.0,0
node_0165,6847.0,7448.8,voter,0,1746.8,0.0,0
node_0166,6862.0,11598.86,voter,18,4371.86,0.0,0
node_0167,6431.0,7530.07,voter,0,1406.07,0.0,0
node_0168,9482.0,10362.79,voter,0,1379.79,0.0,0
node_0169,5813.0,4836.81,voter,0,1073.81,0.0,0
node_0170,6915.0,6188.58,voter,0,1694.58,0.0,0
node_0171,8049.0,10044.02,voter,0,2290.02,0.0,0
node_0172,8006.0,9439.47,voter,1,393.47,0.0,0
node_0173,6674.0,7133.19,voter,0,1892.19,0.0,0
node_0174,2141.0,4089.19,voter,6,1470.11,368.92,1
node_0175,6505.0,8877.52,voter,7,2495.52,0.0,0
node_0176,1425.0,2.59,voter,2,286.66,106.07,1
node_0177,7614.0,10430.6,voter,0,2364.6,0.0,0
node_0178,6261.0,7766.83,voter,0,1485.83,0.0,0
node_0179,5405.0,6720.49,voter,0,825.49,0.0,0
node_0180,4608.0,4962.81,voter,0,1026.81,0.0,0
node_0181,4183.0,2770.54,voter,0,781.54,0.0,0
node_0182,367.0,281.94,voter,0,77.94,0.0,0
node_0183,5783.0,9891.24,BP,0,1767.24,0.0,0
node_0184,709.0,707.05,voter,0,122.05,0.0,0
node_0185,3316.0,6121.78,voter,0,1237.78,0.0,0
node_0186,3958.0,4410.39,voter,0,945.39,0.0,0
node_0187,9290.0,9628.93,voter,0,2065.93,0.0,0
node_0188,4248.0,4092.54,voter,0,348.54,0.0,0
node_0189,9976.0,8202.55,CBP,0,2063.55,0.0,0
node_0190,2733.0,1308.07,voter,0,387.07,0.0,0
node_0191,9531.0,12940.4,voter,10,3540.4,0.0,0
node_0192,9483.0,10779.68,voter,0,1806.68,0.0,0
node_0193,6548.0,6148.2,voter,0,611.2,0.0,0
node_0194,1295.0,2980.29,voter,0,824.29,0.0,0
node_0195,1719.0,647.0,voter,0,129.0,0.0,0
node_0196,9887.0,11095.18,voter,0,1389.18,0.0,0
node_0197,5738.0,4749.36,voter,0,233.36,0.0,0
node_0198,1179.0,591.09,voter,0,74.09,0.0,0
node_0199,257.0,905.67,voter,0,146.67,0.0,0
node_0200,1779.0,290.36,voter,0,430.36,0.0,0
node_0201,7582.0,7350.26,voter,0,1378.26,0.0,0
node_0202,2935.0,3201.55,voter,0,458.55,0.0,0
node_0203,8867.0,9631.72,voter,0,2508.72,0.0,0
node_0204,7186.0,4678.96,voter,0,290.96,0.0,0
node_0205,5330.0,8514.4,voter,11,3007.4,0.0,0
node_0206,4619.0,3675.68,voter,0,137.68,0.0,0
node_0207,7663.0,9245.96,voter,0,2674.96,0.0,0
node_0208,5561.0,5722.83,voter,10,2202.83,0.0,0
node_0209,3029.0,4739.88,voter,0,357.88,0.0,0
node_0210,4282.0,4270.14,voter,0,1484.14,0.0,0
node_0211,9156.0,11473.13,voter,10,4230.13,0.0,0
node_0212,1452.0,1489.18,voter,0,345.18,0.0,0
node_0213,8054.0,10609.66,voter,0,2024.66,0.0,0
node_0214,7850.0,8006.31,voter,0,1478.31,0.0,0
node_0215,7392.0,12169.9,voter,0,3916.9,0.0,0
node_0216,4870.0,4264.38,voter,0,287.38,0.0,0
node_0217,5066.0,6179.21,voter,0,455.21,0.0,0
node_0218,7803.0,7208.6,voter,0,1955.6,0.0,0
node_0219,7021.0,4360.53,voter,2,989.53,0.0,0
node_0220,5814.0,3215.14,voter,0,844.14,0.0,0
node_0221,5073.0,7345.09,voter,0,1878.09,0.0,0
node_0222,3205.0,2189.37,voter,0,217.37,0.0,0
node_0223,3188.0,1380.12,voter,0,181.12,0.0,0
node_0224,4580.0,5833.27,CBP,0,969.27,0.0,0
node_0225,1697.0,291.37,voter,0,3.37,0.0,0
node_0226,3777.0,1922.62,voter,5,1160.62,0.0,0
node_0227,281.0,171.23,voter,0,56.23,0.0,0
node_0228,4544.0,4910.48,voter,5,957.09,547.61,1
node_0229,9116.0,7471.64,voter,0,1378.64,0.0,0
node_0230,8092.0,9215.54,voter,0,2609.54,0.0,0
node_0231,9455.0,11214.52,voter,0,3800.52,0.0,0
node_0232,7266.0,6402.21,voter,0,1589.21,0.0,0
node_0233,4186.0,1272.64,voter,1,421.41,427.77,1
node_0234,1919.0,403.63,voter,0,120.63,0.0,0
node_0235,8106.0,7930.69,voter,0,2057.69,0.0,0
node_0236,2535.0,837.94,voter,0,182.94,0.0,0
node_0237,1445.0,489.57,voter,0,68.57,0.0,0
node_0238,9193.0,18252.94,voter,21,6689.94,0.0,0
node_0239,8611.0,5831.78,voter,0,750.78,0.0,0
node_0240,4921.0,3458.83,voter,0,707.83,0.0,0
node_0241,5053.0,5702.79,voter,0,602.79,0.0,0
node_0242,1675.0,689.35,voter,0,309.35,0.0,0
node_0243,3507.0,4035.6,voter,2,514.6,0.0,1
node_0244,2623.0,2356.54,voter,0,362.54,0.0,0
node_0245,2614.0,1706.41,CBP,0,303.41,0.0,0
node_0246,9779.0,12148.05,voter,0,3017.05,0.0,0
node_0247,3842.0,3759.12,voter,0,769.12,0.0,0
node_0248,7488.0,10996.07,voter,11,4773.07,0.0,0
node_0249,4384.0,4872.41,voter,5,1429.41,0.0,0
node_0250,7015.0,9012.55,voter,10,2528.55,0.0,0
node_0251,2491.0,2795.54,voter,0,426.54,0.0,0
node_0252,1219.0,41.72,voter,0,0.72,0.0,0
node_0253,9799.0,10546.11,voter,13,3276.34,1167.23,1
node_0254,7245.0,7968.76,voter,0,1354.76,0.0,0
node_0255,6644.0,7192.62,voter,0,2272.62,0.0,0
node_0256,7222.0,7172.3,voter,0,2390.3,0.0,0
node_0257,7128.0,9585.87,voter,0,1942.87,0.0,0
node_0258,473.0,1218.58,voter,0,60.58,0.0,0
node_0259,4465.0,4512.64,CBP,3,895.64,0.0,0
node_0260,7758.0,8403.09,voter,10,3485.09,0.0,0
node_0261,4607.0,8837.74,voter,10,2665.74,0.0,0
node_0262,8106.0,9518.93,CBP,11,2612.93,0.0,0
node_0263,5750.0,7723.58,voter,4,3192.78,872.2,1
node_0264,1763.0,110.2,voter,0,210.2,0.0,0
node_0265,6794.0,8254.75,voter,0,1278.75,0.0,0
node_0266,6611.0,6048.94,CBP,0,1280.94,0.0,0
node_0267,7501.0,11935.14,voter,11,4750.14,0.0,0
node_0268,5346.0,6879.3,voter,0,1416.3,0.0,0
node_0269,8481.0,7920.06,voter,5,2041.06,0.0,0
node_0270,8939.0,10469.16,voter,0,1569.16,0.0,0
node_0271,3123.0,587.6,CBP,0,121.6,0.0,0
node_0272,7292.0,7249.79,voter,0,1056.79,0.0,0
node_0273,4425.0,4121.3,voter,0,685.3,0.0,0
node_0274,7228.0,9658.69,CBP,0,2743.69,0.0,0
node_0275,2039.0,2051.08,voter,0,61.08,0.0,0
node_0276,2644.0,3365.96,voter,2,521.96,0.0,1
node_0277,9098.0,10498.33,voter,8,3426.12,1164.8,1
node_0278,1908.0,58.73,voter,0,114.73,0.0,0
node_0279,2572.0,3533.02,voter,10,1537.02,0.0,0
node_0280,8387.0,9901.25,voter,4,1759.25,0.0,0
node_0281,7955.0,10318.65,voter,0,1419.65,0.0,0
node_0282,7533.0,6640.8,voter,0,896.8,0.0,0
node_0283,3172.0,1763.43,voter,0,112.43,0.0,0
node_0284,1193.0,2001.52,voter,0,71.52,0.0,0
node_0285,5618.0,4678.15,voter,0,188.15,0.0,0
node_0286,92.0,146.64,voter,0,80.64,0.0,0
node_0287,9666.0,8696.45,voter,0,1466.45,0.0,0
node_0288,2484.0,2874.36,voter,0,794.36,0.0,0
node_0289,5704.0,5502.9,voter,0,1343.9,0.0,0
node_0290,7510.0,9969.21,voter,0,2003.21,0.0,0
node_0291,3962.0,2000.91,voter,0,535.91,0.0,0
node_0292,6780.0,6851.31,voter,0,130.31,0.0,0
node_0293,6296.0,5807.96,voter,10,2706.96,0.0,0
node_0294,8165.0,12845.71,voter,7,3433.71,0.0,0
node_0295,8279.0,6937.86,voter,0,1130.86,0.0,0
node_0296,1694.0,1493.21,voter,6,943.5,248.29,1
node_0297,1683.0,1008.76,voter,0,296.76,0.0,0
node_0298,301.0,2125.23,voter,0,116.23,0.0,0
node_0299,2579.0,858.55,voter,0,281.55,0.0,0
node_0300,5596.0,6499.74,voter,0,1006.74,0.0,0
node_0301,1365.0,223.57,voter,2,359.57,0.0,1
node_0302,5238.0,4898.08,voter,0,1139.08,0.0,0
node_0303,8914.0,12547.02,voter,14,4221.02,0.0,1
node_0304,3896.0,3887.5,voter,0,544.5,0.0,0
node_0305,3777.0,6335.89,voter,14,3101.89,0.0,0
node_0306,1662.0,387.87,voter,0,57.87,0.0,0
node_0307,7319.0,6136.56,voter,0,1917.56,0.0,0
node_0308,524.0,487.73,voter,0,26.73,0.0,0
node_0309,4856.0,3860.35,CBP,0,945.35,0.0,0
node_0310,2435.0,3746.2,voter,0,339.2,0.0,0
node_0311,9322.0,11813.02,voter,0,2618.02,0.0,0
node_0312,2835.0,2191.07,voter,0,614.07,0.0,0
node_0313,3995.0,3523.22,voter,0,512.22,0.0,0
node_0314,3854.0,1363.25,voter,0,282.25,0.0,0
node_0315,7579.0,4229.13,voter,0,552.13,0.0,0
node_0316,7672.0,8885.78,voter,0,919.78,0.0,0
node_0317,1260.0,133.0,voter,0,0.0,0.0,0
node_0318,9676.0,11142.75,voter,0,2237.75,0.0,0
node_0319,4147.0,2504.88,voter,0,600.88,0.0,0
node_0320,3313.0,2733.49,voter,0,556.49,0.0,0
node_0321,1797.0,351.75,voter,0,91.75,0.0,0
node_0322,9467.0,8407.07,voter,0,1069.07,0.0,0
node_0323,409.0,896.08,voter,0,21.08,0.0,0
node_0324,4547.0,6254.4,voter,0,1471.4,0.0,0
node_0325,9985.0,9339.13,voter,0,606.13,0.0,0
node_0326,3820.0,1309.87,voter,0,315.87,0.0,0
node_0327,3638.0,2571.23,voter,0,312.23,0.0,0
node_0328,2290.0,35.33,voter,0,19.33,0.0,0
node_0329,5111.0,5166.62,voter,0,954.62,0.0,0
node_0330,9545.0,11715.08,voter,10,3915.08,0.0,0
node_0331,1526.0,1131.91,voter,0,259.91,0.0,0
node_0332,6857.0,7114.09,voter,0,1280.09,0.0,0
node_0333,8887.0,9455.68,voter,12,2043.93,878.25,1
node_0334,8747.0,10105.71,voter,2,3373.71,0.0,1
node_0335,2745.0,2624.26,voter,0,962.26,0.0,0
node_0336,4885.0,2603.11,voter,0,1064.11,0.0,0
node_0337,1936.0,1001.13,voter,0,182.13,0.0,0
node_0338,2356.0,1385.0,voter,0,466.0,0.0,0
node_0339,6561.0,6705.61,voter,10,1825.61,0.0,0
node_0340,1529.0,734.11,voter,0,95.11,0.0,0
node_0341,4382.0,2133.62,voter,0,478.62,0.0,0
node_0342,6088.0,7566.44,voter,0,3604.44,0.0,0
node_0343,9627.0,10640.81,voter,1,1520.81,0.0,1
node_0344,1825.0,850.72,voter,0,143.72,0.0,0
node_0345,460.0,590.14,voter,0,116.14,0.0,0
node_0346,3676.0,4525.53,voter,8,1967.53,0.0,0
node_0347,5001.0,6237.0,voter,4,1845.0,0.0,1
node_0348,2340.0,1534.96,voter,0,252.96,0.0,0
node_0349,5036.0,3736.41,voter,0,219.41,0.0,0
node_0350,1642.0,41.39,voter,0,188.39,0.0,0
node_0351,6417.0,3526.69,voter,0,255.69,0.0,0
node_0352,9672.0,10841.2,voter,2,2389.2,0.0,1
node_0353,6847.0,8172.47,voter,0,1424.47,0.0,0
node_0354,6736.0,5941.93,voter,0,796.93,0.0,0
node_0355,586.0,366.52,voter,0,109.52,0.0,0
node_0356,7314.0,8754.54,voter,10,2999.54,0.0,0
node_0357,5992.0,5965.53,voter,0,501.53,0.0,0
node_0358,8970.0,10355.74,voter,0,2489.74,0.0,0
node_0359,1042.0,1135.6,voter,10,1476.6,0.0,0
node_0360,2051.0,944.18,voter,0,325.18,0.0,0
node_0361,1551.0,563.45,voter,0,280.45,0.0,0
node_0362,878.0,977.28,voter,0,62.28,0.0,0
node_0363,2113.0,3169.75,voter,18,2972.75,0.0,1
node_0364,1174.0,336.32,voter,0,63.32,0.0,0
node_0365,9657.0,9786.77,voter,3,1526.75,1014.97,1
node_0366,5433.0,7129.81,voter,0,1653.81,0.0,0
node_0367,4592.0,6424.55,voter,10,1968.55,0.0,0
node_0368,2179.0,136.52,voter,0,176.52,0.0,0
node_0369,1851.0,1407.73,voter,0,102.73,0.0,0
node_0370,2209.0,3115.35,voter,0,402.35,0.0,0
node_0371,9697.0,9845.96,voter,0,1793.96,0.0,0
node_0372,4397.0,4647.61,voter,0,807.61,0.0,0
node_0373,8669.0,5986.49,CBP,0,487.49,0.0,0
node_0374,7852.0,6156.89,BP,0,645.89,0.0,0
node_0375,8458.0,10016.17,CBP,0,3715.17,0.0,0
node_0376,8304.0,14109.37,BP,11,4927.37,0.0,0
node_0377,8593.0,7098.71,voter,2,1759.24,850.54,1
node_0378,1046.0,1942.46,voter,0,407.46,0.0,0
node_0379,7034.0,8431.59,voter,10,2954.59,0.0,0
node_0380,7317.0,4845.65,voter,0,284.65,0.0,0
node_0381,5327.0,5920.0,BP,0,649.0,0.0,0
node_0382,2117.0,474.42,voter,0,111.42,0.0,0
node_0383,6290.0,6151.06,CBP,0,1688.06,0.0,0
node_0384,7483.0,8622.04,voter,0,935.04,0.0,0
node_0385,1674.0,969.9,voter,0,159.9,0.0,0
node_0386,9083.0,9533.67,voter,5,2444.53,964.87,1
node_0387,7096.0,10292.81,voter,0,2414.81,0.0,0
node_0388,6829.0,7417.0,voter,0,0.0,0.0,0
node_0389,6582.0,5875.55,voter,0,587.55,0.0,0
node_0390,5170.0,2989.57,voter,0,70.57,0.0,0
node_0391,6182.0,5068.62,voter,0,1126.62,0.0,0
node_0392,1149.0,19.71,voter,0,117.71,0.0,0
node_0393,1577.0,922.0,voter,0,0.0,0.0,0
node_0394,2181.0,719.0,voter,0,92.0,0.0,0
node_0395,2052.0,1821.99,CBP,0,440.99,0.0,0
node_0396,892.0,182.39,voter,0,85.39,0.0,0
node_0397,5811.0,6494.89,voter,10,2524.89,0.0,0
node_0398,2585.0,5159.62,voter,0,746.62,0.0,0
node_0399,1823.0,3491.33,voter,0,47.33,0.0,0
node_0400,1932.0,2109.98,voter,0,268.98,0.0,0
node_0401,7080.0,6015.89,voter,0,106.89,0.0,0
node_0402,4431.0,1902.19,voter,0,109.19,0.0,0
node_0403,5112.0,8389.29,voter,0,2167.29,0.0,0
node_0404,150.0,477.15,voter,8,1173.15,0.0,0
node_0405,9328.0,12972.18,voter,10,4950.18,0.0,0
node_0406,2374.0,2330.79,voter,0,177.79,0.0,0
node_0407,1553.0,639.12,voter,0,193.12,0.0,0
node_0408,6213.0,7218.76,voter,0,1822.76,0.0,0
node_0409,2628.0,645.16,voter,0,209.16,0.0,0
node_0410,9349.0,8824.96,voter,0,693.96,0.0,0
node_0411,2599.0,1739.34,voter,0,436.34,0.0,0
node_0412,1386.0,1402.33,voter,0,74.33,0.0,0
node_0413,8007.0,8287.42,voter,3,2116.42,0.0,1
node_0414,4525.0,6073.98,voter,0,530.98,0.0,0
node_0415,5705.0,5190.31,voter,0,586.31,0.0,0
node_0416,9767.0,9959.58,voter,0,2769.58,0.0,0
node_0417,794.0,2235.87,voter,0,46.87,0.0,0
node_0418,175.0,121.17,voter,0,34.17,0.0,0
node_0419,2298.0,197.83,voter,0,167.83,0.0,0
node_0420,5425.0,4460.55,voter,0,1591.55,0.0,0
node_0421,7105.0,7046.08,voter,0,1905.08,0.0,0
node_0422,8775.0,10652.68,BP,10,4039.68,0.0,0
node_0423,1230.0,553.17,voter,0,101.17,0.0,0
node_0424,7197.0,5386.13,voter,0,415.13,0.0,0
node_0425,5179.0,5769.5,voter,0,1419.5,0.0,0
node_0426,6893.0,8854.75,voter,10,4143.75,0.0,0
node_0427,391.0,1510.94,voter,0,100.94,0.0,0
node_0428,7588.0,3782.66,voter,0,995.66,0.0,0
node_0429,1493.0,1697.03,voter,0,320.03,0.0,0
node_0430,4036.0,2052.83,voter,0,489.83,0.0,0
node_0431,8634.0,8329.3,voter,0,1524.3,0.0,0
node_0432,5612.0,6396.01,voter,0,1826.01,0.0,0
node_0433,1301.0,806.64,voter,0,167.64,0.0,0
node_0434,8743.0,11540.8,voter,0,1828.8,0.0,0
node_0435,5802.0,6114.62,voter,0,878.62,0.0,0
node_0436,3921.0,7772.81,voter,0,675.81,0.0,0
node_0437,3282.0,1616.84,voter,0,465.84,0.0,0
node_0438,1284.0,1018.02,voter,0,125.02,0.0,0
node_0439,7651.0,7609.13,voter,7,2743.93,852.8,1
node_0440,9298.0,8088.69,voter,0,1441.69,0.0,0
node_0441,5229.0,7850.44,voter,0,1181.44,0.0,0
node_0442,7732.0,10230.42,voter,4,2246.36,1141.94,1
node_0443,4550.0,3579.89,voter,3,826.87,391.99,1
node_0444,8362.0,12430.96,voter,7,4196.51,1399.55,1
node_0445,7454.0,9205.76,voter,0,803.76,0.0,0
node_0446,4753.0,5713.8,voter,0,1401.8,0.0,0
node_0447,9783.0,9822.76,voter,0,2832.76,0.0,0
node_0448,9558.0,12973.91,BP,10,3129.58,1418.67,2
node_0449,7418.0,8112.38,voter,3,2562.38,0.0,1
node_0450,5317.0,4034.36,voter,0,383.36,0.0,0
node_0451,1063.0,453.09,voter,0,48.09,0.0,0
node_0452,1431.0,94.43,voter,0,34.43,0.0,0
node_0453,691.0,1372.27,voter,0,77.27,0.0,0
node_0454,7249.0,6765.28,voter,0,701.28,0.0,0
node_0455,6012.0,4273.13,voter,0,1002.13,0.0,0
node_0456,6397.0,6948.74,voter,0,1195.74,0.0,0
node_0457,9845.0,10327.58,BP,8,3203.58,0.0,1
node_0458,1129.0,214.42,voter,0,88.42,0.0,0
node_0459,4705.0,4198.79,voter,0,575.79,0.0,0
node_0460,5511.0,6900.49,voter,0,1045.49,0.0,0
node_0461,5781.0,5694.17,voter,9,2098.17,0.0,0
node_0462,2162.0,1926.0,voter,0,0.0,0.0,0
node_0463,5122.0,6368.04,voter,0,847.04,0.0,0
node_0464,2143.0,1783.49,voter,0,411.49,0.0,0
node_0465,6987.0,8489.63,voter,0,2025.63,0.0,0
node_0466,5990.0,7760.74,CBP,7,2299.74,0.0,0
node_0467,5648.0,6574.77,voter,0,1389.77,0.0,0
node_0468,3195.0,2100.79,voter,0,613.79,0.0,0
node_0469,2588.0,2154.7,voter,0,173.7,0.0,0
node_0470,8367.0,11649.49,voter,10,4624.49,0.0,0
node_0471,5567.0,5634.06,voter,10,1918.06,0.0,0
node_0472,9835.0,12735.79,voter,0,2803.79,0.0,0
node_0473,3012.0,2621.92,voter,0,285.92,0.0,0
node_0474,7220.0,4675.91,voter,0,503.91,0.0,0
node_0475,3941.0,5049.03,voter,0,545.03,0.0,0
node_0476,7405.0,9631.63,voter,10,3093.63,0.0,0
node_0477,5120.0,6600.19,voter,10,1880.19,0.0,0
node_0478,3228.0,4215.11,voter,0,545.11,0.0,0
node_0479,7614.0,8767.37,voter,10,3255.37,0.0,0
node_0480,8289.0,12566.73,voter,12,3863.73,0.0,0
node_0481,3321.0,4352.1,voter,0,1186.1,0.0,0
node_0482,4146.0,2652.77,voter,0,523.77,0.0,0
node_0483,6131.0,5533.8,voter,0,561.8,0.0,0
node_0484,8502.0,12613.17,voter,6,3720.17,0.0,1
node_0485,1424.0,184.67,voter,0,79.67,0.0,0
node_0486,7411.0,7618.6,voter,0,893.6,0.0,0
node_0487,7217.0,4861.18,voter,0,638.18,0.0,0
node_0488,7441.0,8206.43,voter,0,1506.43,0.0,0
node_0489,6847.0,6701.03,voter,0,2305.03,0.0,0
node_0490,3912.0,5579.61,voter,0,1236.61,0.0,0
node_0491,6192.0,4427.93,voter,0,259.93,0.0,0
node_0492,1673.0,1169.95,voter,0,342.95,0.0,0
node_0493,2442.0,1951.37,voter,0,96.37,0.0,0
node_0494,7790.0,8145.83,voter,0,1208.83,0.0,0
node_0495,7735.0,6921.42,voter,0,1057.42,0.0,0
node_0496,1348.0,1139.87,voter,0,143.87,0.0,0
node_0497,2499.0,1574.13,voter,0,118.13,0.0,0
node_0498,1871.0,2329.21,voter,0,216.21,0.0,0
node_0499,4984.0,5221.0,voter,0,612.0,0.0,0
node_0500,6928.0,10571.92,voter,17,4432.92,0.0,0
