Block_id,type,account_id,Election_id,round_id,Total_rewards
block_0001,PDDPoS,node_0326,1,1,547
block_0002,PDDPoS,node_0397,1,1,621
block_0003,PDDPoS,node_0463,1,1,605
block_0004,PDDPoS,node_0440,1,1,528
block_0005,PDDPoS,node_0097,1,1,776
block_0006,PDDPoS,node_0157,1,1,695
block_0007,PDDPoS,node_0003,1,1,701
block_0008,PDDPoS,node_0447,1,1,777
block_0009,PDDPoS,node_0192,1,1,777
block_0010,PDDPoS,node_0494,1,1,778
block_0011,PDDPoS,node_0353,1,1,661
block_0012,PDDPoS,node_0083,1,1,776
block_0013,PDDPoS,node_0390,1,1,777
block_0014,PDDPoS,node_0222,1,1,586
block_0015,PDDPoS,node_0352,1,1,777
block_0016,PDDPoS,node_0459,1,1,778
block_0017,PDDPoS,node_0425,1,1,777
block_0018,PDDPoS,node_0232,1,1,625
block_0019,PDDPoS,node_0442,1,1,778
block_0020,PDDPoS,node_0076,1,1,653
block_0021,PDDPoS,node_0326,1,2,777
block_0022,PDDPoS,node_0397,1,2,543
block_0023,PDDPoS,node_0463,1,2,684
block_0024,PDDPoS,node_0440,1,2,778
block_0025,PDDPoS,node_0097,1,2,637
block_0026,PDDPoS,node_0157,1,2,773
block_0027,PDDPoS,node_0003,1,2,771
block_0028,PDDPoS,node_0192,1,2,702
block_0029,PDDPoS,node_0192,1,2,778
block_0030,PDDPoS,node_0494,1,2,664
block_0031,PDDPoS,node_0353,1,2,663
block_0032,PDDPoS,node_0083,1,2,614
block_0033,PDDPoS,node_0390,1,2,777
block_0034,PDDPoS,node_0222,1,2,605
block_0035,PDDPoS,node_0352,1,2,567
block_0036,PDDPoS,node_0459,1,2,766
block_0037,PDDPoS,node_0425,1,2,613
block_0038,PDDPoS,node_0232,1,2,744
block_0039,PDDPoS,node_0442,1,2,757
block_0040,PDDPoS,node_0076,1,2,777
block_0041,PDDPoS,node_0326,1,3,774
block_0042,PDDPoS,node_0397,1,3,560
block_0043,PDDPoS,node_0463,1,3,534
block_0044,PDDPoS,node_0440,1,3,777
block_0045,PDDPoS,node_0097,1,3,778
block_0046,PDDPoS,node_0157,1,3,538
block_0047,PDDPoS,node_0003,1,3,710
block_0048,PDDPoS,node_0374,1,3,725
block_0049,PDDPoS,node_0192,1,3,678
block_0050,PDDPoS,node_0494,1,3,656
block_0051,PDDPoS,node_0353,1,3,778
block_0052,PDDPoS,node_0083,1,3,701
block_0053,PDDPoS,node_0390,1,3,662
block_0054,PDDPoS,node_0222,1,3,688
block_0055,PDDPoS,node_0352,1,3,686
block_0056,PDDPoS,node_0459,1,3,618
block_0057,PDDPoS,node_0425,1,3,573
block_0058,PDDPoS,node_0232,1,3,739
block_0059,PDDPoS,node_0442,1,3,778
block_0060,PDDPoS,node_0076,1,3,607
block_0061,PDDPoS,node_0326,1,4,724
block_0062,PDDPoS,node_0397,1,4,567
block_0063,PDDPoS,node_0463,1,4,776
block_0064,PDDPoS,node_0097,1,4,777
block_0065,PDDPoS,node_0097,1,4,778
block_0066,PDDPoS,node_0157,1,4,778
block_0067,PDDPoS,node_0003,1,4,529
block_0068,PDDPoS,node_0374,1,4,567
block_0069,PDDPoS,node_0192,1,4,778
block_0070,PDDPoS,node_0494,1,4,777
block_0071,PDDPoS,node_0353,1,4,710
block_0072,PDDPoS,node_0083,1,4,717
block_0073,PDDPoS,node_0390,1,4,729
block_0074,PDDPoS,node_0222,1,4,569
block_0075,PDDPoS,node_0352,1,4,733
block_0076,PDDPoS,node_0459,1,4,662
block_0077,PDDPoS,node_0425,1,4,778
block_0078,PDDPoS,node_0232,1,4,559
block_0079,PDDPoS,node_0442,1,4,619
block_0080,PDDPoS,node_0076,1,4,601
block_0081,PDDPoS,node_0326,1,5,734
block_0082,PDDPoS,node_0397,1,5,671
block_0083,PDDPoS,node_0463,1,5,710
block_0084,PDDPoS,node_0173,1,5,552
block_0085,PDDPoS,node_0097,1,5,548
block_0086,PDDPoS,node_0157,1,5,778
block_0087,PDDPoS,node_0003,1,5,562
block_0088,PDDPoS,node_0374,1,5,729
block_0089,PDDPoS,node_0192,1,5,778
block_0090,PDDPoS,node_0494,1,5,775
block_0091,PDDPoS,node_0353,1,5,766
block_0092,PDDPoS,node_0083,1,5,778
block_0093,PDDPoS,node_0390,1,5,690
block_0094,PDDPoS,node_0222,1,5,687
block_0095,PDDPoS,node_0352,1,5,767
block_0096,PDDPoS,node_0459,1,5,708
block_0097,PDDPoS,node_0425,1,5,778
block_0098,PDDPoS,node_0232,1,5,633
block_0099,PDDPoS,node_0442,1,5,700
block_0100,PDDPoS,node_0076,1,5,552
block_0101,PDDPoS,node_0326,1,6,776
block_0102,PDDPoS,node_0397,1,6,777
block_0103,PDDPoS,node_0463,1,6,654
block_0104,PDDPoS,node_0173,1,6,597
block_0105,PDDPoS,node_0097,1,6,777
block_0106,PDDPoS,node_0157,1,6,670
block_0107,PDDPoS,node_0003,1,6,548
block_0108,PDDPoS,node_0374,1,6,621
block_0109,PDDPoS,node_0192,1,6,640
block_0110,PDDPoS,node_0494,1,6,677
block_0111,PDDPoS,node_0353,1,6,686
block_0112,PDDPoS,node_0083,1,6,740
block_0113,PDDPoS,node_0390,1,6,757
block_0114,PDDPoS,node_0222,1,6,775
block_0115,PDDPoS,node_0352,1,6,774
block_0116,PDDPoS,node_0459,1,6,742
block_0117,PDDPoS,node_0425,1,6,684
block_0118,PDDPoS,node_0232,1,6,666
block_0119,PDDPoS,node_0442,1,6,776
block_0120,PDDPoS,node_0076,1,6,562
block_0121,PDDPoS,node_0326,1,7,723
block_0122,PDDPoS,node_0397,1,7,661
block_0123,PDDPoS,node_0463,1,7,775
block_0124,PDDPoS,node_0173,1,7,570
block_0125,PDDPoS,node_0097,1,7,535
block_0126,PDDPoS,node_0157,1,7,663
block_0127,PDDPoS,node_0003,1,7,638
block_0128,PDDPoS,node_0374,1,7,587
block_0129,PDDPoS,node_0192,1,7,777
block_0130,PDDPoS,node_0494,1,7,662
block_0131,PDDPoS,node_0353,1,7,701
block_0132,PDDPoS,node_0083,1,7,634
block_0133,PDDPoS,node_0201,1,7,774
block_0134,PDDPoS,node_0222,1,7,691
block_0135,PDDPoS,node_0352,1,7,772
block_0136,PDDPoS,node_0459,1,7,538
block_0137,PDDPoS,node_0425,1,7,776
block_0138,PDDPoS,node_0232,1,7,611
block_0139,PDDPoS,node_0442,1,7,738
block_0140,PDDPoS,node_0076,1,7,644
block_0141,PDDPoS,node_0326,1,8,668
block_0142,PDDPoS,node_0397,1,8,712
block_0143,PDDPoS,node_0463,1,8,553
block_0144,PDDPoS,node_0097,1,8,580
block_0145,PDDPoS,node_0097,1,8,778
block_0146,PDDPoS,node_0157,1,8,775
block_0147,PDDPoS,node_0003,1,8,711
block_0148,PDDPoS,node_0374,1,8,778
block_0149,PDDPoS,node_0192,1,8,667
block_0150,PDDPoS,node_0494,1,8,777
block_0151,PDDPoS,node_0353,1,8,703
block_0152,PDDPoS,node_0083,1,8,750
block_0153,PDDPoS,node_0201,1,8,777
block_0154,PDDPoS,node_0222,1,8,627
block_0155,PDDPoS,node_0352,1,8,596
block_0156,PDDPoS,node_0459,1,8,754
block_0157,PDDPoS,node_0425,1,8,771
block_0158,PDDPoS,node_0232,1,8,625
block_0159,PDDPoS,node_0442,1,8,705
block_0160,PDDPoS,node_0076,1,8,756
block_0161,PDDPoS,node_0049,1,9,731
block_0162,PDDPoS,node_0397,1,9,777
block_0163,PDDPoS,node_0463,1,9,664
block_0164,PDDPoS,node_0451,1,9,776
block_0165,PDDPoS,node_0097,1,9,649
block_0166,PDDPoS,node_0157,1,9,777
block_0167,PDDPoS,node_0003,1,9,681
block_0168,PDDPoS,node_0374,1,9,709
block_0169,PDDPoS,node_0192,1,9,778
block_0170,PDDPoS,node_0494,1,9,543
block_0171,PDDPoS,node_0353,1,9,605
block_0172,PDDPoS,node_0083,1,9,759
block_0173,PDDPoS,node_0201,1,9,655
block_0174,PDDPoS,node_0222,1,9,735
block_0175,PDDPoS,node_0344,1,9,777
block_0176,PDDPoS,node_0459,1,9,641
block_0177,PDDPoS,node_0425,1,9,633
block_0178,PDDPoS,node_0232,1,9,545
block_0179,PDDPoS,node_0076,1,9,775
block_0180,PDDPoS,node_0076,1,9,603
block_0181,PDDPoS,node_0049,1,10,777
block_0182,PDDPoS,node_0397,1,10,637
block_0183,PDDPoS,node_0463,1,10,559
block_0184,PDDPoS,node_0451,1,10,525
block_0185,PDDPoS,node_0097,1,10,662
block_0186,PDDPoS,node_0157,1,10,774
block_0187,PDDPoS,node_0003,1,10,776
block_0188,PDDPoS,node_0374,1,10,543
block_0189,PDDPoS,node_0192,1,10,605
block_0190,PDDPoS,node_0494,1,10,774
block_0191,PDDPoS,node_0353,1,10,608
block_0192,PDDPoS,node_0083,1,10,709
block_0193,PDDPoS,node_0201,1,10,774
block_0194,PDDPoS,node_0222,1,10,661
block_0195,PDDPoS,node_0344,1,10,698
block_0196,PDDPoS,node_0459,1,10,670
block_0197,PDDPoS,node_0425,1,10,560
block_0198,PDDPoS,node_0232,1,10,776
block_0199,PDDPoS,node_0386,1,10,534
block_0200,PDDPoS,node_0076,1,10,564
block_0201,PDDPoS,node_0084,2,1,660
block_0202,PDDPoS,node_0415,2,1,773
block_0203,PDDPoS,node_0107,2,1,775
block_0204,PDDPoS,node_0262,2,1,563
block_0205,PDDPoS,node_0457,2,1,622
block_0206,PDDPoS,node_0365,2,1,563
block_0207,PDDPoS,node_0422,2,1,717
block_0208,PDDPoS,node_0080,2,1,536
block_0209,PDDPoS,node_0269,2,1,644
block_0210,PDDPoS,node_0489,2,1,626
block_0211,PDDPoS,node_0067,2,1,707
block_0212,PDDPoS,node_0116,2,1,674
block_0213,PDDPoS,node_0074,2,1,778
block_0214,PDDPoS,node_0046,2,1,776
block_0215,PDDPoS,node_0149,2,1,566
block_0216,PDDPoS,node_0201,2,1,535
block_0217,PDDPoS,node_0282,2,1,591
block_0218,PDDPoS,node_0138,2,1,778
block_0219,PDDPoS,node_0160,2,1,778
block_0220,PDDPoS,node_0290,2,1,778
block_0221,PDDPoS,node_0084,2,2,776
block_0222,PDDPoS,node_0043,2,2,655
block_0223,PDDPoS,node_0107,2,2,759
block_0224,PDDPoS,node_0262,2,2,568
block_0225,PDDPoS,node_0457,2,2,537
block_0226,PDDPoS,node_0365,2,2,571
block_0227,PDDPoS,node_0422,2,2,586
block_0228,PDDPoS,node_0080,2,2,777
block_0229,PDDPoS,node_0269,2,2,778
block_0230,PDDPoS,node_0489,2,2,588
block_0231,PDDPoS,node_0067,2,2,615
block_0232,PDDPoS,node_0116,2,2,682
block_0233,PDDPoS,node_0074,2,2,650
block_0234,PDDPoS,node_0046,2,2,697
block_0235,PDDPoS,node_0149,2,2,775
block_0236,PDDPoS,node_0048,2,2,695
block_0237,PDDPoS,node_0282,2,2,594
block_0238,PDDPoS,node_0138,2,2,778
block_0239,PDDPoS,node_0160,2,2,770
block_0240,PDDPoS,node_0290,2,2,778
block_0241,PDDPoS,node_0084,2,3,612
block_0242,PDDPoS,node_0043,2,3,778
block_0243,PDDPoS,node_0107,2,3,692
block_0244,PDDPoS,node_0262,2,3,763
block_0245,PDDPoS,node_0457,2,3,774
block_0246,PDDPoS,node_0365,2,3,555
block_0247,PDDPoS,node_0422,2,3,627
block_0248,PDDPoS,node_0080,2,3,776
block_0249,PDDPoS,node_0269,2,3,606
block_0250,PDDPoS,node_0489,2,3,777
block_0251,PDDPoS,node_0067,2,3,745
block_0252,PDDPoS,node_0116,2,3,777
block_0253,PDDPoS,node_0074,2,3,650
block_0254,PDDPoS,node_0046,2,3,647
block_0255,PDDPoS,node_0048,2,3,619
block_0256,PDDPoS,node_0048,2,3,752
block_0257,PDDPoS,node_0282,2,3,659
block_0258,PDDPoS,node_0138,2,3,776
block_0259,PDDPoS,node_0160,2,3,772
block_0260,PDDPoS,node_0290,2,3,778
block_0261,PDDPoS,node_0084,2,4,778
block_0262,PDDPoS,node_0043,2,4,728
block_0263,PDDPoS,node_0107,2,4,778
block_0264,PDDPoS,node_0262,2,4,639
block_0265,PDDPoS,node_0457,2,4,778
block_0266,PDDPoS,node_0365,2,4,649
block_0267,PDDPoS,node_0422,2,4,757
block_0268,PDDPoS,node_0080,2,4,777
block_0269,PDDPoS,node_0269,2,4,613
block_0270,PDDPoS,node_0489,2,4,699
block_0271,PDDPoS,node_0067,2,4,638
block_0272,PDDPoS,node_0116,2,4,689
block_0273,PDDPoS,node_0074,2,4,755
block_0274,PDDPoS,node_0046,2,4,587
block_0275,PDDPoS,node_0021,2,4,680
block_0276,PDDPoS,node_0048,2,4,533
block_0277,PDDPoS,node_0282,2,4,777
block_0278,PDDPoS,node_0138,2,4,777
block_0279,PDDPoS,node_0409,2,4,630
block_0280,PDDPoS,node_0290,2,4,778
block_0281,PDDPoS,node_0084,2,5,775
block_0282,PDDPoS,node_0043,2,5,532
block_0283,PDDPoS,node_0107,2,5,535
block_0284,PDDPoS,node_0262,2,5,566
block_0285,PDDPoS,node_0457,2,5,778
block_0286,PDDPoS,node_0365,2,5,766
block_0287,PDDPoS,node_0422,2,5,637
block_0288,PDDPoS,node_0080,2,5,648
block_0289,PDDPoS,node_0269,2,5,585
block_0290,PDDPoS,node_0489,2,5,778
block_0291,PDDPoS,node_0067,2,5,777
block_0292,PDDPoS,node_0116,2,5,588
block_0293,PDDPoS,node_0074,2,5,601
block_0294,PDDPoS,node_0046,2,5,725
block_0295,PDDPoS,node_0021,2,5,591
block_0296,PDDPoS,node_0048,2,5,611
block_0297,PDDPoS,node_0138,2,5,548
block_0298,PDDPoS,node_0138,2,5,677
block_0299,PDDPoS,node_0409,2,5,741
block_0300,PDDPoS,node_0290,2,5,575
block_0301,PDDPoS,node_0084,2,6,778
block_0302,PDDPoS,node_0043,2,6,569
block_0303,PDDPoS,node_0107,2,6,596
block_0304,PDDPoS,node_0262,2,6,559
block_0305,PDDPoS,node_0220,2,6,668
block_0306,PDDPoS,node_0365,2,6,598
block_0307,PDDPoS,node_0422,2,6,776
block_0308,PDDPoS,node_0080,2,6,585
block_0309,PDDPoS,node_0269,2,6,750
block_0310,PDDPoS,node_0489,2,6,608
block_0311,PDDPoS,node_0067,2,6,574
block_0312,PDDPoS,node_0116,2,6,777
block_0313,PDDPoS,node_0074,2,6,625
block_0314,PDDPoS,node_0046,2,6,698
block_0315,PDDPoS,node_0021,2,6,712
block_0316,PDDPoS,node_0048,2,6,739
block_0317,PDDPoS,node_0214,2,6,562
block_0318,PDDPoS,node_0138,2,6,778
block_0319,PDDPoS,node_0409,2,6,714
block_0320,PDDPoS,node_0290,2,6,636
block_0321,PDDPoS,node_0084,2,7,778
block_0322,PDDPoS,node_0043,2,7,651
block_0323,PDDPoS,node_0107,2,7,778
block_0324,PDDPoS,node_0262,2,7,623
block_0325,PDDPoS,node_0220,2,7,774
block_0326,PDDPoS,node_0422,2,7,536
block_0327,PDDPoS,node_0422,2,7,765
block_0328,PDDPoS,node_0080,2,7,563
block_0329,PDDPoS,node_0269,2,7,778
block_0330,PDDPoS,node_0489,2,7,774
block_0331,PDDPoS,node_0488,2,7,590
block_0332,PDDPoS,node_0116,2,7,600
block_0333,PDDPoS,node_0074,2,7,602
block_0334,PDDPoS,node_0046,2,7,775
block_0335,PDDPoS,node_0021,2,7,778
block_0336,PDDPoS,node_0048,2,7,561
block_0337,PDDPoS,node_0214,2,7,715
block_0338,PDDPoS,node_0138,2,7,588
block_0339,PDDPoS,node_0409,2,7,619
block_0340,PDDPoS,node_0290,2,7,755
block_0341,PDDPoS,node_0084,2,8,634
block_0342,PDDPoS,node_0043,2,8,580
block_0343,PDDPoS,node_0107,2,8,688
block_0344,PDDPoS,node_0262,2,8,603
block_0345,PDDPoS,node_0220,2,8,676
block_0346,PDDPoS,node_0307,2,8,664
block_0347,PDDPoS,node_0422,2,8,530
block_0348,PDDPoS,node_0080,2,8,531
block_0349,PDDPoS,node_0269,2,8,570
block_0350,PDDPoS,node_0489,2,8,529
block_0351,PDDPoS,node_0488,2,8,727
block_0352,PDDPoS,node_0116,2,8,591
block_0353,PDDPoS,node_0074,2,8,705
block_0354,PDDPoS,node_0046,2,8,776
block_0355,PDDPoS,node_0021,2,8,672
block_0356,PDDPoS,node_0048,2,8,628
block_0357,PDDPoS,node_0214,2,8,564
block_0358,PDDPoS,node_0138,2,8,622
block_0359,PDDPoS,node_0239,2,8,574
block_0360,PDDPoS,node_0290,2,8,776
block_0361,PDDPoS,node_0084,2,9,770
block_0362,PDDPoS,node_0043,2,9,675
block_0363,PDDPoS,node_0107,2,9,765
block_0364,PDDPoS,node_0262,2,9,596
block_0365,PDDPoS,node_0220,2,9,719
block_0366,PDDPoS,node_0307,2,9,748
block_0367,PDDPoS,node_0422,2,9,676
block_0368,PDDPoS,node_0080,2,9,619
block_0369,PDDPoS,node_0269,2,9,774
block_0370,PDDPoS,node_0489,2,9,772
block_0371,PDDPoS,node_0488,2,9,775
block_0372,PDDPoS,node_0116,2,9,671
block_0373,PDDPoS,node_0074,2,9,721
block_0374,PDDPoS,node_0046,2,9,683
block_0375,PDDPoS,node_0021,2,9,777
block_0376,PDDPoS,node_0048,2,9,776
block_0377,PDDPoS,node_0214,2,9,670
block_0378,PDDPoS,node_0138,2,9,775
block_0379,PDDPoS,node_0239,2,9,738
block_0380,PDDPoS,node_0290,2,9,587
block_0381,PDDPoS,node_0084,2,10,645
block_0382,PDDPoS,node_0043,2,10,761
block_0383,PDDPoS,node_0107,2,10,776
block_0384,PDDPoS,node_0262,2,10,577
block_0385,PDDPoS,node_0220,2,10,736
block_0386,PDDPoS,node_0307,2,10,774
block_0387,PDDPoS,node_0422,2,10,734
block_0388,PDDPoS,node_0080,2,10,556
block_0389,PDDPoS,node_0269,2,10,536
block_0390,PDDPoS,node_0489,2,10,661
block_0391,PDDPoS,node_0488,2,10,693
block_0392,PDDPoS,node_0116,2,10,778
block_0393,PDDPoS,node_0074,2,10,777
block_0394,PDDPoS,node_0044,2,10,757
block_0395,PDDPoS,node_0044,2,10,775
block_0396,PDDPoS,node_0048,2,10,562
block_0397,PDDPoS,node_0214,2,10,777
block_0398,PDDPoS,node_0138,2,10,550
block_0399,PDDPoS,node_0239,2,10,675
block_0400,PDDPoS,node_0290,2,10,530
block_0401,PDDPoS,node_0262,3,1,776
block_0402,PDDPoS,node_0387,3,1,714
block_0403,PDDPoS,node_0072,3,1,605
block_0404,PDDPoS,node_0381,3,1,611
block_0405,PDDPoS,node_0287,3,1,582
block_0406,PDDPoS,node_0330,3,1,562
block_0407,PDDPoS,node_0494,3,1,525
block_0408,PDDPoS,node_0132,3,1,582
block_0409,PDDPoS,node_0034,3,1,652
block_0410,PDDPoS,node_0318,3,1,766
block_0411,PDDPoS,node_0358,3,1,715
block_0412,PDDPoS,node_0129,3,1,721
block_0413,PDDPoS,node_0207,3,1,661
block_0414,PDDPoS,node_0138,3,1,635
block_0415,PDDPoS,node_0440,3,1,637
block_0416,PDDPoS,node_0232,3,1,667
block_0417,PDDPoS,node_0368,3,1,771
block_0418,PDDPoS,node_0070,3,1,709
block_0419,PDDPoS,node_0439,3,1,718
block_0420,PDDPoS,node_0172,3,1,650
block_0421,PDDPoS,node_0262,3,2,775
block_0422,PDDPoS,node_0387,3,2,772
block_0423,PDDPoS,node_0072,3,2,558
block_0424,PDDPoS,node_0381,3,2,543
block_0425,PDDPoS,node_0330,3,2,627
block_0426,PDDPoS,node_0330,3,2,639
block_0427,PDDPoS,node_0494,3,2,548
block_0428,PDDPoS,node_0132,3,2,557
block_0429,PDDPoS,node_0034,3,2,772
block_0430,PDDPoS,node_0358,3,2,575
block_0431,PDDPoS,node_0358,3,2,776
block_0432,PDDPoS,node_0461,3,2,588
block_0433,PDDPoS,node_0207,3,2,532
block_0434,PDDPoS,node_0138,3,2,679
block_0435,PDDPoS,node_0440,3,2,731
block_0436,PDDPoS,node_0232,3,2,654
block_0437,PDDPoS,node_0368,3,2,774
block_0438,PDDPoS,node_0070,3,2,777
block_0439,PDDPoS,node_0439,3,2,754
block_0440,PDDPoS,node_0172,3,2,608
block_0441,PDDPoS,node_0262,3,3,775
block_0442,PDDPoS,node_0387,3,3,643
block_0443,PDDPoS,node_0072,3,3,776
block_0444,PDDPoS,node_0381,3,3,752
block_0445,PDDPoS,node_0229,3,3,563
block_0446,PDDPoS,node_0330,3,3,564
block_0447,PDDPoS,node_0494,3,3,540
block_0448,PDDPoS,node_0132,3,3,583
block_0449,PDDPoS,node_0034,3,3,537
block_0450,PDDPoS,node_0280,3,3,532
block_0451,PDDPoS,node_0358,3,3,587
block_0452,PDDPoS,node_0461,3,3,774
block_0453,PDDPoS,node_0207,3,3,614
block_0454,PDDPoS,node_0138,3,3,777
block_0455,PDDPoS,node_0440,3,3,774
block_0456,PDDPoS,node_0232,3,3,775
block_0457,PDDPoS,node_0368,3,3,724
block_0458,PDDPoS,node_0070,3,3,584
block_0459,PDDPoS,node_0439,3,3,772
block_0460,PDDPoS,node_0172,3,3,774
block_0461,PDDPoS,node_0262,3,4,614
block_0462,PDDPoS,node_0387,3,4,775
block_0463,PDDPoS,node_0072,3,4,583
block_0464,PDDPoS,node_0381,3,4,714
block_0465,PDDPoS,node_0229,3,4,536
block_0466,PDDPoS,node_0330,3,4,559
block_0467,PDDPoS,node_0494,3,4,738
block_0468,PDDPoS,node_0132,3,4,636
block_0469,PDDPoS,node_0034,3,4,578
block_0470,PDDPoS,node_0280,3,4,680
block_0471,PDDPoS,node_0358,3,4,688
block_0472,PDDPoS,node_0461,3,4,772
block_0473,PDDPoS,node_0207,3,4,719
block_0474,PDDPoS,node_0138,3,4,552
block_0475,PDDPoS,node_0440,3,4,641
block_0476,PDDPoS,node_0232,3,4,549
block_0477,PDDPoS,node_0368,3,4,778
block_0478,PDDPoS,node_0070,3,4,618
block_0479,PDDPoS,node_0439,3,4,777
block_0480,PDDPoS,node_0172,3,4,602
block_0481,PDDPoS,node_0262,3,5,738
block_0482,PDDPoS,node_0387,3,5,539
block_0483,PDDPoS,node_0072,3,5,694
block_0484,PDDPoS,node_0381,3,5,640
block_0485,PDDPoS,node_0229,3,5,738
block_0486,PDDPoS,node_0330,3,5,777
block_0487,PDDPoS,node_0494,3,5,596
block_0488,PDDPoS,node_0132,3,5,755
block_0489,PDDPoS,node_0034,3,5,602
block_0490,PDDPoS,node_0280,3,5,601
block_0491,PDDPoS,node_0358,3,5,548
block_0492,PDDPoS,node_0461,3,5,733
block_0493,PDDPoS,node_0207,3,5,559
block_0494,PDDPoS,node_0138,3,5,540
block_0495,PDDPoS,node_0440,3,5,667
block_0496,PDDPoS,node_0232,3,5,610
block_0497,PDDPoS,node_0368,3,5,590
block_0498,PDDPoS,node_0070,3,5,617
block_0499,PDDPoS,node_0439,3,5,635
block_0500,PDDPoS,node_0172,3,5,738
block_0501,PDDPoS,node_0262,3,6,776
block_0502,PDDPoS,node_0387,3,6,715
block_0503,PDDPoS,node_0072,3,6,775
block_0504,PDDPoS,node_0381,3,6,640
block_0505,PDDPoS,node_0229,3,6,695
block_0506,PDDPoS,node_0330,3,6,592
block_0507,PDDPoS,node_0494,3,6,681
block_0508,PDDPoS,node_0132,3,6,772
block_0509,PDDPoS,node_0034,3,6,774
block_0510,PDDPoS,node_0280,3,6,685
block_0511,PDDPoS,node_0358,3,6,537
block_0512,PDDPoS,node_0461,3,6,710
block_0513,PDDPoS,node_0207,3,6,777
block_0514,PDDPoS,node_0440,3,6,679
block_0515,PDDPoS,node_0440,3,6,714
block_0516,PDDPoS,node_0232,3,6,594
block_0517,PDDPoS,node_0368,3,6,583
block_0518,PDDPoS,node_0070,3,6,703
block_0519,PDDPoS,node_0439,3,6,622
block_0520,PDDPoS,node_0172,3,6,699
block_0521,PDDPoS,node_0262,3,7,546
block_0522,PDDPoS,node_0387,3,7,576
block_0523,PDDPoS,node_0072,3,7,536
block_0524,PDDPoS,node_0381,3,7,573
block_0525,PDDPoS,node_0229,3,7,774
block_0526,PDDPoS,node_0330,3,7,772
block_0527,PDDPoS,node_0494,3,7,775
block_0528,PDDPoS,node_0132,3,7,527
block_0529,PDDPoS,node_0034,3,7,629
block_0530,PDDPoS,node_0280,3,7,675
block_0531,PDDPoS,node_0358,3,7,775
block_0532,PDDPoS,node_0461,3,7,712
block_0533,PDDPoS,node_0207,3,7,739
block_0534,PDDPoS,node_0495,3,7,775
block_0535,PDDPoS,node_0232,3,7,597
block_0536,PDDPoS,node_0232,3,7,774
block_0537,PDDPoS,node_0368,3,7,552
block_0538,PDDPoS,node_0070,3,7,622
block_0539,PDDPoS,node_0439,3,7,666
block_0540,PDDPoS,node_0172,3,7,753
block_0541,PDDPoS,node_0262,3,8,701
block_0542,PDDPoS,node_0387,3,8,775
block_0543,PDDPoS,node_0072,3,8,562
block_0544,PDDPoS,node_0381,3,8,774
block_0545,PDDPoS,node_0229,3,8,724
block_0546,PDDPoS,node_0330,3,8,568
block_0547,PDDPoS,node_0494,3,8,635
block_0548,PDDPoS,node_0132,3,8,773
block_0549,PDDPoS,node_0034,3,8,665
block_0550,PDDPoS,node_0280,3,8,619
block_0551,PDDPoS,node_0358,3,8,738
block_0552,PDDPoS,node_0461,3,8,590
block_0553,PDDPoS,node_0495,3,8,650
block_0554,PDDPoS,node_0495,3,8,558
block_0555,PDDPoS,node_0175,3,8,738
block_0556,PDDPoS,node_0232,3,8,671
block_0557,PDDPoS,node_0368,3,8,775
block_0558,PDDPoS,node_0070,3,8,731
block_0559,PDDPoS,node_0439,3,8,776
block_0560,PDDPoS,node_0172,3,8,747
block_0561,PDDPoS,node_0262,3,9,697
block_0562,PDDPoS,node_0387,3,9,710
block_0563,PDDPoS,node_0072,3,9,737
block_0564,PDDPoS,node_0381,3,9,561
block_0565,PDDPoS,node_0350,3,9,592
block_0566,PDDPoS,node_0350,3,9,579
block_0567,PDDPoS,node_0494,3,9,768
block_0568,PDDPoS,node_0132,3,9,689
block_0569,PDDPoS,node_0034,3,9,668
block_0570,PDDPoS,node_0280,3,9,777
block_0571,PDDPoS,node_0358,3,9,583
block_0572,PDDPoS,node_0461,3,9,671
block_0573,PDDPoS,node_0102,3,9,756
block_0574,PDDPoS,node_0448,3,9,540
block_0575,PDDPoS,node_0175,3,9,641
block_0576,PDDPoS,node_0232,3,9,778
block_0577,PDDPoS,node_0368,3,9,560
block_0578,PDDPoS,node_0070,3,9,616
block_0579,PDDPoS,node_0439,3,9,769
block_0580,PDDPoS,node_0172,3,9,579
block_0581,PDDPoS,node_0262,3,10,776
block_0582,PDDPoS,node_0387,3,10,654
block_0583,PDDPoS,node_0072,3,10,654
block_0584,PDDPoS,node_0381,3,10,771
block_0585,PDDPoS,node_0223,3,10,752
block_0586,PDDPoS,node_0350,3,10,774
block_0587,PDDPoS,node_0494,3,10,775
block_0588,PDDPoS,node_0132,3,10,776
block_0589,PDDPoS,node_0034,3,10,749
block_0590,PDDPoS,node_0280,3,10,620
block_0591,PDDPoS,node_0358,3,10,760
block_0592,PDDPoS,node_0461,3,10,773
block_0593,PDDPoS,node_0465,3,10,709
block_0594,PDDPoS,node_0448,3,10,744
block_0595,PDDPoS,node_0175,3,10,617
block_0596,PDDPoS,node_0232,3,10,564
block_0597,PDDPoS,node_0368,3,10,601
block_0598,PDDPoS,node_0070,3,10,563
block_0599,PDDPoS,node_0439,3,10,659
block_0600,PDDPoS,node_0172,3,10,771
block_0601,PDDPoS,node_0097,4,1,711
block_0602,PDDPoS,node_0221,4,1,775
block_0603,PDDPoS,node_0108,4,1,573
block_0604,PDDPoS,node_0480,4,1,716
block_0605,PDDPoS,node_0238,4,1,555
block_0606,PDDPoS,node_0366,4,1,755
block_0607,PDDPoS,node_0422,4,1,629
block_0608,PDDPoS,node_0079,4,1,721
block_0609,PDDPoS,node_0327,4,1,778
block_0610,PDDPoS,node_0283,4,1,775
block_0611,PDDPoS,node_0263,4,1,775
block_0612,PDDPoS,node_0252,4,1,574
block_0613,PDDPoS,node_0334,4,1,645
block_0614,PDDPoS,node_0250,4,1,778
block_0615,PDDPoS,node_0036,4,1,733
block_0616,PDDPoS,node_0048,4,1,659
block_0617,PDDPoS,node_0246,4,1,641
block_0618,PDDPoS,node_0014,4,1,669
block_0619,PDDPoS,node_0368,4,1,776
block_0620,PDDPoS,node_0261,4,1,645
block_0621,PDDPoS,node_0097,4,2,546
block_0622,PDDPoS,node_0221,4,2,776
block_0623,PDDPoS,node_0108,4,2,538
block_0624,PDDPoS,node_0480,4,2,653
block_0625,PDDPoS,node_0238,4,2,603
block_0626,PDDPoS,node_0366,4,2,708
block_0627,PDDPoS,node_0422,4,2,646
block_0628,PDDPoS,node_0079,4,2,720
block_0629,PDDPoS,node_0327,4,2,775
block_0630,PDDPoS,node_0283,4,2,775
block_0631,PDDPoS,node_0263,4,2,757
block_0632,PDDPoS,node_0252,4,2,771
block_0633,PDDPoS,node_0334,4,2,538
block_0634,PDDPoS,node_0250,4,2,710
block_0635,PDDPoS,node_0036,4,2,529
block_0636,PDDPoS,node_0048,4,2,730
block_0637,PDDPoS,node_0246,4,2,671
block_0638,PDDPoS,node_0014,4,2,688
block_0639,PDDPoS,node_0368,4,2,616
block_0640,PDDPoS,node_0261,4,2,771
block_0641,PDDPoS,node_0097,4,3,647
block_0642,PDDPoS,node_0221,4,3,702
block_0643,PDDPoS,node_0108,4,3,699
block_0644,PDDPoS,node_0480,4,3,702
block_0645,PDDPoS,node_0238,4,3,774
block_0646,PDDPoS,node_0366,4,3,559
block_0647,PDDPoS,node_0422,4,3,573
block_0648,PDDPoS,node_0079,4,3,585
block_0649,PDDPoS,node_0327,4,3,688
block_0650,PDDPoS,node_0283,4,3,735
block_0651,PDDPoS,node_0263,4,3,541
block_0652,PDDPoS,node_0252,4,3,543
block_0653,PDDPoS,node_0334,4,3,742
block_0654,PDDPoS,node_0250,4,3,652
block_0655,PDDPoS,node_0036,4,3,534
block_0656,PDDPoS,node_0246,4,3,684
block_0657,PDDPoS,node_0246,4,3,775
block_0658,PDDPoS,node_0014,4,3,753
block_0659,PDDPoS,node_0368,4,3,551
block_0660,PDDPoS,node_0261,4,3,778
block_0661,PDDPoS,node_0097,4,4,564
block_0662,PDDPoS,node_0221,4,4,618
block_0663,PDDPoS,node_0108,4,4,635
block_0664,PDDPoS,node_0480,4,4,528
block_0665,PDDPoS,node_0238,4,4,613
block_0666,PDDPoS,node_0366,4,4,669
block_0667,PDDPoS,node_0422,4,4,532
block_0668,PDDPoS,node_0079,4,4,546
block_0669,PDDPoS,node_0327,4,4,692
block_0670,PDDPoS,node_0283,4,4,757
block_0671,PDDPoS,node_0263,4,4,559
block_0672,PDDPoS,node_0252,4,4,656
block_0673,PDDPoS,node_0334,4,4,773
block_0674,PDDPoS,node_0250,4,4,630
block_0675,PDDPoS,node_0036,4,4,665
block_0676,PDDPoS,node_0277,4,4,534
block_0677,PDDPoS,node_0246,4,4,711
block_0678,PDDPoS,node_0368,4,4,582
block_0679,PDDPoS,node_0368,4,4,536
block_0680,PDDPoS,node_0261,4,4,680
block_0681,PDDPoS,node_0097,4,5,543
block_0682,PDDPoS,node_0221,4,5,592
block_0683,PDDPoS,node_0108,4,5,622
block_0684,PDDPoS,node_0480,4,5,774
block_0685,PDDPoS,node_0238,4,5,777
block_0686,PDDPoS,node_0366,4,5,573
block_0687,PDDPoS,node_0422,4,5,755
block_0688,PDDPoS,node_0079,4,5,572
block_0689,PDDPoS,node_0327,4,5,640
block_0690,PDDPoS,node_0283,4,5,703
block_0691,PDDPoS,node_0263,4,5,673
block_0692,PDDPoS,node_0252,4,5,605
block_0693,PDDPoS,node_0334,4,5,766
block_0694,PDDPoS,node_0250,4,5,770
block_0695,PDDPoS,node_0036,4,5,773
block_0696,PDDPoS,node_0277,4,5,684
block_0697,PDDPoS,node_0246,4,5,776
block_0698,PDDPoS,node_0488,4,5,707
block_0699,PDDPoS,node_0368,4,5,771
block_0700,PDDPoS,node_0261,4,5,771
block_0701,PDDPoS,node_0097,4,6,703
block_0702,PDDPoS,node_0221,4,6,774
block_0703,PDDPoS,node_0108,4,6,548
block_0704,PDDPoS,node_0480,4,6,774
block_0705,PDDPoS,node_0238,4,6,585
block_0706,PDDPoS,node_0366,4,6,777
block_0707,PDDPoS,node_0422,4,6,761
block_0708,PDDPoS,node_0079,4,6,608
block_0709,PDDPoS,node_0327,4,6,629
block_0710,PDDPoS,node_0283,4,6,545
block_0711,PDDPoS,node_0263,4,6,683
block_0712,PDDPoS,node_0252,4,6,778
block_0713,PDDPoS,node_0334,4,6,683
block_0714,PDDPoS,node_0250,4,6,661
block_0715,PDDPoS,node_0036,4,6,621
block_0716,PDDPoS,node_0277,4,6,778
block_0717,PDDPoS,node_0246,4,6,774
block_0718,PDDPoS,node_0488,4,6,593
block_0719,PDDPoS,node_0368,4,6,776
block_0720,PDDPoS,node_0261,4,6,580
block_0721,PDDPoS,node_0447,4,7,770
block_0722,PDDPoS,node_0221,4,7,775
block_0723,PDDPoS,node_0228,4,7,739
block_0724,PDDPoS,node_0480,4,7,776
block_0725,PDDPoS,node_0238,4,7,706
block_0726,PDDPoS,node_0366,4,7,736
block_0727,PDDPoS,node_0422,4,7,675
block_0728,PDDPoS,node_0079,4,7,555
block_0729,PDDPoS,node_0327,4,7,773
block_0730,PDDPoS,node_0283,4,7,764
block_0731,PDDPoS,node_0263,4,7,777
block_0732,PDDPoS,node_0252,4,7,550
block_0733,PDDPoS,node_0334,4,7,719
block_0734,PDDPoS,node_0250,4,7,544
block_0735,PDDPoS,node_0036,4,7,674
block_0736,PDDPoS,node_0277,4,7,526
block_0737,PDDPoS,node_0246,4,7,734
block_0738,PDDPoS,node_0488,4,7,597
block_0739,PDDPoS,node_0368,4,7,716
block_0740,PDDPoS,node_0261,4,7,774
block_0741,PDDPoS,node_0447,4,8,733
block_0742,PDDPoS,node_0219,4,8,762
block_0743,PDDPoS,node_0219,4,8,775
block_0744,PDDPoS,node_0480,4,8,673
block_0745,PDDPoS,node_0238,4,8,639
block_0746,PDDPoS,node_0366,4,8,647
block_0747,PDDPoS,node_0422,4,8,776
block_0748,PDDPoS,node_0079,4,8,696
block_0749,PDDPoS,node_0327,4,8,723
block_0750,PDDPoS,node_0283,4,8,752
block_0751,PDDPoS,node_0263,4,8,776
block_0752,PDDPoS,node_0252,4,8,630
block_0753,PDDPoS,node_0334,4,8,613
block_0754,PDDPoS,node_0250,4,8,588
block_0755,PDDPoS,node_0036,4,8,777
block_0756,PDDPoS,node_0277,4,8,722
block_0757,PDDPoS,node_0246,4,8,770
block_0758,PDDPoS,node_0488,4,8,593
block_0759,PDDPoS,node_0368,4,8,777
block_0760,PDDPoS,node_0261,4,8,775
block_0761,PDDPoS,node_0447,4,9,773
block_0762,PDDPoS,node_0375,4,9,727
block_0763,PDDPoS,node_0219,4,9,629
block_0764,PDDPoS,node_0480,4,9,769
block_0765,PDDPoS,node_0238,4,9,732
block_0766,PDDPoS,node_0366,4,9,698
block_0767,PDDPoS,node_0422,4,9,612
block_0768,PDDPoS,node_0079,4,9,530
block_0769,PDDPoS,node_0327,4,9,769
block_0770,PDDPoS,node_0283,4,9,626
block_0771,PDDPoS,node_0263,4,9,722
block_0772,PDDPoS,node_0252,4,9,565
block_0773,PDDPoS,node_0334,4,9,552
block_0774,PDDPoS,node_0250,4,9,773
block_0775,PDDPoS,node_0036,4,9,764
block_0776,PDDPoS,node_0277,4,9,554
block_0777,PDDPoS,node_0246,4,9,534
block_0778,PDDPoS,node_0488,4,9,642
block_0779,PDDPoS,node_0368,4,9,751
block_0780,PDDPoS,node_0261,4,9,608
block_0781,PDDPoS,node_0447,4,10,576
block_0782,PDDPoS,node_0375,4,10,696
block_0783,PDDPoS,node_0219,4,10,661
block_0784,PDDPoS,node_0480,4,10,574
block_0785,PDDPoS,node_0366,4,10,614
block_0786,PDDPoS,node_0366,4,10,593
block_0787,PDDPoS,node_0422,4,10,773
block_0788,PDDPoS,node_0079,4,10,772
block_0789,PDDPoS,node_0327,4,10,550
block_0790,PDDPoS,node_0283,4,10,610
block_0791,PDDPoS,node_0263,4,10,633
block_0792,PDDPoS,node_0252,4,10,770
block_0793,PDDPoS,node_0334,4,10,689
block_0794,PDDPoS,node_0250,4,10,773
block_0795,PDDPoS,node_0036,4,10,685
block_0796,PDDPoS,node_0277,4,10,563
block_0797,PDDPoS,node_0246,4,10,561
block_0798,PDDPoS,node_0488,4,10,556
block_0799,PDDPoS,node_0368,4,10,704
block_0800,PDDPoS,node_0261,4,10,720
block_0801,PDDPoS,node_0294,5,1,731
block_0802,PDDPoS,node_0493,5,1,539
block_0803,PDDPoS,node_0171,5,1,742
block_0804,PDDPoS,node_0405,5,1,656
block_0805,PDDPoS,node_0183,5,1,719
block_0806,PDDPoS,node_0488,5,1,670
block_0807,PDDPoS,node_0119,5,1,603
block_0808,PDDPoS,node_0136,5,1,756
block_0809,PDDPoS,node_0189,5,1,560
block_0810,PDDPoS,node_0145,5,1,603
block_0811,PDDPoS,node_0107,5,1,648
block_0812,PDDPoS,node_0352,5,1,769
block_0813,PDDPoS,node_0141,5,1,581
block_0814,PDDPoS,node_0239,5,1,774
block_0815,PDDPoS,node_0341,5,1,638
block_0816,PDDPoS,node_0097,5,1,677
block_0817,PDDPoS,node_0449,5,1,595
block_0818,PDDPoS,node_0049,5,1,774
block_0819,PDDPoS,node_0366,5,1,771
block_0820,PDDPoS,node_0313,5,1,661
block_0821,PDDPoS,node_0294,5,2,776
block_0822,PDDPoS,node_0493,5,2,612
block_0823,PDDPoS,node_0171,5,2,650
block_0824,PDDPoS,node_0405,5,2,664
block_0825,PDDPoS,node_0183,5,2,743
block_0826,PDDPoS,node_0488,5,2,590
block_0827,PDDPoS,node_0136,5,2,774
block_0828,PDDPoS,node_0136,5,2,746
block_0829,PDDPoS,node_0189,5,2,772
block_0830,PDDPoS,node_0145,5,2,601
block_0831,PDDPoS,node_0154,5,2,734
block_0832,PDDPoS,node_0352,5,2,778
block_0833,PDDPoS,node_0239,5,2,774
block_0834,PDDPoS,node_0239,5,2,776
block_0835,PDDPoS,node_0341,5,2,778
block_0836,PDDPoS,node_0097,5,2,627
block_0837,PDDPoS,node_0449,5,2,777
block_0838,PDDPoS,node_0049,5,2,754
block_0839,PDDPoS,node_0366,5,2,765
block_0840,PDDPoS,node_0313,5,2,621
block_0841,PDDPoS,node_0294,5,3,671
block_0842,PDDPoS,node_0448,5,3,753
block_0843,PDDPoS,node_0171,5,3,580
block_0844,PDDPoS,node_0405,5,3,539
block_0845,PDDPoS,node_0183,5,3,747
block_0846,PDDPoS,node_0488,5,3,697
block_0847,PDDPoS,node_0333,5,3,757
block_0848,PDDPoS,node_0136,5,3,778
block_0849,PDDPoS,node_0189,5,3,777
block_0850,PDDPoS,node_0145,5,3,663
block_0851,PDDPoS,node_0154,5,3,650
block_0852,PDDPoS,node_0352,5,3,653
block_0853,PDDPoS,node_0466,5,3,564
block_0854,PDDPoS,node_0239,5,3,734
block_0855,PDDPoS,node_0324,5,3,770
block_0856,PDDPoS,node_0097,5,3,660
block_0857,PDDPoS,node_0449,5,3,703
block_0858,PDDPoS,node_0049,5,3,590
block_0859,PDDPoS,node_0366,5,3,635
block_0860,PDDPoS,node_0313,5,3,743
block_0861,PDDPoS,node_0294,5,4,751
block_0862,PDDPoS,node_0448,5,4,770
block_0863,PDDPoS,node_0171,5,4,694
block_0864,PDDPoS,node_0405,5,4,579
block_0865,PDDPoS,node_0183,5,4,774
block_0866,PDDPoS,node_0488,5,4,750
block_0867,PDDPoS,node_0136,5,4,654
block_0868,PDDPoS,node_0136,5,4,630
block_0869,PDDPoS,node_0189,5,4,723
block_0870,PDDPoS,node_0145,5,4,672
block_0871,PDDPoS,node_0154,5,4,743
block_0872,PDDPoS,node_0352,5,4,611
block_0873,PDDPoS,node_0466,5,4,592
block_0874,PDDPoS,node_0239,5,4,749
block_0875,PDDPoS,node_0324,5,4,524
block_0876,PDDPoS,node_0097,5,4,716
block_0877,PDDPoS,node_0449,5,4,628
block_0878,PDDPoS,node_0049,5,4,768
block_0879,PDDPoS,node_0366,5,4,590
block_0880,PDDPoS,node_0313,5,4,773
block_0881,PDDPoS,node_0294,5,5,773
block_0882,PDDPoS,node_0448,5,5,769
block_0883,PDDPoS,node_0171,5,5,735
block_0884,PDDPoS,node_0405,5,5,761
block_0885,PDDPoS,node_0183,5,5,774
block_0886,PDDPoS,node_0488,5,5,600
block_0887,PDDPoS,node_0344,5,5,578
block_0888,PDDPoS,node_0136,5,5,687
block_0889,PDDPoS,node_0189,5,5,682
block_0890,PDDPoS,node_0145,5,5,580
block_0891,PDDPoS,node_0154,5,5,745
block_0892,PDDPoS,node_0352,5,5,745
block_0893,PDDPoS,node_0466,5,5,745
block_0894,PDDPoS,node_0239,5,5,767
block_0895,PDDPoS,node_0324,5,5,744
block_0896,PDDPoS,node_0097,5,5,763
block_0897,PDDPoS,node_0449,5,5,568
block_0898,PDDPoS,node_0049,5,5,776
block_0899,PDDPoS,node_0366,5,5,777
block_0900,PDDPoS,node_0313,5,5,720
block_0901,PDDPoS,node_0407,5,6,773
block_0902,PDDPoS,node_0448,5,6,625
block_0001,DPoS,node_0463,1,1,547
block_0002,DPoS,node_0494,1,1,621
block_0003,DPoS,node_0447,1,1,605
block_0004,DPoS,node_0397,1,1,528
block_0005,DPoS,node_0326,1,1,776
block_0006,DPoS,node_0192,1,1,695
block_0007,DPoS,node_0440,1,1,701
block_0008,DPoS,node_0097,1,1,777
block_0009,DPoS,node_0003,1,1,777
block_0010,DPoS,node_0353,1,1,778
block_0011,DPoS,node_0157,1,1,661
block_0012,DPoS,node_0083,1,1,776
block_0013,DPoS,node_0390,1,1,777
block_0014,DPoS,node_0222,1,1,586
block_0015,DPoS,node_0352,1,1,777
block_0016,DPoS,node_0459,1,1,778
block_0017,DPoS,node_0425,1,1,777
block_0018,DPoS,node_0232,1,1,625
block_0019,DPoS,node_0442,1,1,778
block_0020,DPoS,node_0076,1,1,653
block_0021,DPoS,node_0463,1,2,777
block_0022,DPoS,node_0494,1,2,543
block_0023,DPoS,node_0447,1,2,684
block_0024,DPoS,node_0397,1,2,778
block_0025,DPoS,node_0326,1,2,637
block_0026,DPoS,node_0192,1,2,773
block_0027,DPoS,node_0440,1,2,771
block_0028,DPoS,node_0003,1,2,702
block_0029,DPoS,node_0003,1,2,778
block_0030,DPoS,node_0353,1,2,664
block_0031,DPoS,node_0157,1,2,663
block_0032,DPoS,node_0083,1,2,614
block_0033,DPoS,node_0390,1,2,777
block_0034,DPoS,node_0222,1,2,605
block_0035,DPoS,node_0352,1,2,567
block_0036,DPoS,node_0459,1,2,766
block_0037,DPoS,node_0425,1,2,613
block_0038,DPoS,node_0232,1,2,744
block_0039,DPoS,node_0442,1,2,757
block_0040,DPoS,node_0076,1,2,777
block_0041,DPoS,node_0463,1,3,774
block_0042,DPoS,node_0494,1,3,560
block_0043,DPoS,node_0447,1,3,534
block_0044,DPoS,node_0397,1,3,777
block_0045,DPoS,node_0326,1,3,778
block_0046,DPoS,node_0192,1,3,538
block_0047,DPoS,node_0440,1,3,710
block_0048,DPoS,node_0374,1,3,725
block_0049,DPoS,node_0003,1,3,678
block_0050,DPoS,node_0353,1,3,656
block_0051,DPoS,node_0157,1,3,778
block_0052,DPoS,node_0083,1,3,701
block_0053,DPoS,node_0390,1,3,662
block_0054,DPoS,node_0222,1,3,688
block_0055,DPoS,node_0352,1,3,686
block_0056,DPoS,node_0459,1,3,618
block_0057,DPoS,node_0425,1,3,573
block_0058,DPoS,node_0232,1,3,739
block_0059,DPoS,node_0442,1,3,778
block_0060,DPoS,node_0076,1,3,607
block_0061,DPoS,node_0463,1,4,724
block_0062,DPoS,node_0494,1,4,567
block_0063,DPoS,node_0447,1,4,776
block_0064,DPoS,node_0326,1,4,777
block_0065,DPoS,node_0326,1,4,778
block_0066,DPoS,node_0192,1,4,778
block_0067,DPoS,node_0440,1,4,529
block_0068,DPoS,node_0374,1,4,567
block_0069,DPoS,node_0003,1,4,778
block_0070,DPoS,node_0353,1,4,777
block_0071,DPoS,node_0157,1,4,710
block_0072,DPoS,node_0083,1,4,717
block_0073,DPoS,node_0390,1,4,729
block_0074,DPoS,node_0222,1,4,569
block_0075,DPoS,node_0352,1,4,733
block_0076,DPoS,node_0459,1,4,662
block_0077,DPoS,node_0425,1,4,778
block_0078,DPoS,node_0232,1,4,559
block_0079,DPoS,node_0442,1,4,619
block_0080,DPoS,node_0076,1,4,601
block_0081,DPoS,node_0463,1,5,734
block_0082,DPoS,node_0494,1,5,671
block_0083,DPoS,node_0447,1,5,710
block_0084,DPoS,node_0173,1,5,552
block_0085,DPoS,node_0326,1,5,548
block_0086,DPoS,node_0192,1,5,778
block_0087,DPoS,node_0440,1,5,562
block_0088,DPoS,node_0374,1,5,729
block_0089,DPoS,node_0003,1,5,778
block_0090,DPoS,node_0353,1,5,775
block_0091,DPoS,node_0157,1,5,766
block_0092,DPoS,node_0083,1,5,778
block_0093,DPoS,node_0390,1,5,690
block_0094,DPoS,node_0222,1,5,687
block_0095,DPoS,node_0352,1,5,767
block_0096,DPoS,node_0459,1,5,708
block_0097,DPoS,node_0425,1,5,778
block_0098,DPoS,node_0232,1,5,633
block_0099,DPoS,node_0442,1,5,700
block_0100,DPoS,node_0076,1,5,552
block_0101,DPoS,node_0463,1,6,776
block_0102,DPoS,node_0494,1,6,777
block_0103,DPoS,node_0447,1,6,654
block_0104,DPoS,node_0173,1,6,597
block_0105,DPoS,node_0326,1,6,777
block_0106,DPoS,node_0192,1,6,670
block_0107,DPoS,node_0440,1,6,549
block_0108,DPoS,node_0374,1,6,621
block_0109,DPoS,node_0003,1,6,640
block_0110,DPoS,node_0353,1,6,677
block_0111,DPoS,node_0157,1,6,686
block_0112,DPoS,node_0083,1,6,740
block_0113,DPoS,node_0390,1,6,757
block_0114,DPoS,node_0222,1,6,774
block_0115,DPoS,node_0352,1,6,774
block_0116,DPoS,node_0459,1,6,742
block_0117,DPoS,node_0425,1,6,684
block_0118,DPoS,node_0232,1,6,666
block_0119,DPoS,node_0442,1,6,777
block_0120,DPoS,node_0076,1,6,562
block_0121,DPoS,node_0463,1,7,723
block_0122,DPoS,node_0494,1,7,661
block_0123,DPoS,node_0447,1,7,775
block_0124,DPoS,node_0173,1,7,570
block_0125,DPoS,node_0326,1,7,535
block_0126,DPoS,node_0192,1,7,663
block_0127,DPoS,node_0440,1,7,638
block_0128,DPoS,node_0374,1,7,587
block_0129,DPoS,node_0003,1,7,777
block_0130,DPoS,node_0353,1,7,662
block_0131,DPoS,node_0157,1,7,701
block_0132,DPoS,node_0083,1,7,634
block_0133,DPoS,node_0201,1,7,774
block_0134,DPoS,node_0222,1,7,691
block_0135,DPoS,node_0352,1,7,772
block_0136,DPoS,node_0459,1,7,538
block_0137,DPoS,node_0425,1,7,776
block_0138,DPoS,node_0232,1,7,611
block_0139,DPoS,node_0442,1,7,738
block_0140,DPoS,node_0076,1,7,644
block_0141,DPoS,node_0463,1,8,668
block_0142,DPoS,node_0494,1,8,712
block_0143,DPoS,node_0447,1,8,553
block_0144,DPoS,node_0326,1,8,580
block_0145,DPoS,node_0326,1,8,778
block_0146,DPoS,node_0192,1,8,775
block_0147,DPoS,node_0440,1,8,711
block_0148,DPoS,node_0374,1,8,778
block_0149,DPoS,node_0003,1,8,667
block_0150,DPoS,node_0353,1,8,777
block_0151,DPoS,node_0157,1,8,703
block_0152,DPoS,node_0083,1,8,750
block_0153,DPoS,node_0201,1,8,777
block_0154,DPoS,node_0222,1,8,627
block_0155,DPoS,node_0352,1,8,597
block_0156,DPoS,node_0459,1,8,754
block_0157,DPoS,node_0425,1,8,771
block_0158,DPoS,node_0232,1,8,625
block_0159,DPoS,node_0442,1,8,705
block_0160,DPoS,node_0076,1,8,756
block_0161,DPoS,node_0049,1,9,731
block_0162,DPoS,node_0494,1,9,777
block_0163,DPoS,node_0447,1,9,664
block_0164,DPoS,node_0451,1,9,776
block_0165,DPoS,node_0326,1,9,649
block_0166,DPoS,node_0192,1,9,777
block_0167,DPoS,node_0440,1,9,681
block_0168,DPoS,node_0374,1,9,709
block_0169,DPoS,node_0003,1,9,778
block_0170,DPoS,node_0353,1,9,543
block_0171,DPoS,node_0157,1,9,605
block_0172,DPoS,node_0083,1,9,759
block_0173,DPoS,node_0201,1,9,655
block_0174,DPoS,node_0222,1,9,735
block_0175,DPoS,node_0344,1,9,777
block_0176,DPoS,node_0459,1,9,641
block_0177,DPoS,node_0425,1,9,633
block_0178,DPoS,node_0232,1,9,545
block_0179,DPoS,node_0076,1,9,775
block_0180,DPoS,node_0076,1,9,603
block_0181,DPoS,node_0049,1,10,777
block_0182,DPoS,node_0494,1,10,637
block_0183,DPoS,node_0447,1,10,559
block_0184,DPoS,node_0451,1,10,525
block_0185,DPoS,node_0326,1,10,662
block_0186,DPoS,node_0192,1,10,774
block_0187,DPoS,node_0440,1,10,776
block_0188,DPoS,node_0374,1,10,543
block_0189,DPoS,node_0003,1,10,605
block_0190,DPoS,node_0353,1,10,774
block_0191,DPoS,node_0157,1,10,608
block_0192,DPoS,node_0083,1,10,709
block_0193,DPoS,node_0201,1,10,774
block_0194,DPoS,node_0222,1,10,661
block_0195,DPoS,node_0344,1,10,698
block_0196,DPoS,node_0459,1,10,670
block_0197,DPoS,node_0425,1,10,560
block_0198,DPoS,node_0232,1,10,776
block_0199,DPoS,node_0386,1,10,534
block_0200,DPoS,node_0076,1,10,564
block_0201,DPoS,node_0084,2,1,660
block_0202,DPoS,node_0138,2,1,773
block_0203,DPoS,node_0149,2,1,775
block_0204,DPoS,node_0282,2,1,563
block_0205,DPoS,node_0489,2,1,622
block_0206,DPoS,node_0107,2,1,563
block_0207,DPoS,node_0422,2,1,717
block_0208,DPoS,node_0415,2,1,536
block_0209,DPoS,node_0074,2,1,644
block_0210,DPoS,node_0116,2,1,626
block_0211,DPoS,node_0262,2,1,707
block_0212,DPoS,node_0457,2,1,674
block_0213,DPoS,node_0269,2,1,778
block_0214,DPoS,node_0043,2,1,776
block_0215,DPoS,node_0080,2,1,566
block_0216,DPoS,node_0365,2,1,535
block_0217,DPoS,node_0046,2,1,591
block_0218,DPoS,node_0201,2,1,778
block_0219,DPoS,node_0067,2,1,778
block_0220,DPoS,node_0160,2,1,778
block_0221,DPoS,node_0084,2,2,776
block_0222,DPoS,node_0290,2,2,655
block_0223,DPoS,node_0149,2,2,759
block_0224,DPoS,node_0282,2,2,568
block_0225,DPoS,node_0489,2,2,537
block_0226,DPoS,node_0107,2,2,571
block_0227,DPoS,node_0422,2,2,586
block_0228,DPoS,node_0415,2,2,777
block_0229,DPoS,node_0074,2,2,778
block_0230,DPoS,node_0116,2,2,588
block_0231,DPoS,node_0262,2,2,615
block_0232,DPoS,node_0457,2,2,682
block_0233,DPoS,node_0269,2,2,651
block_0234,DPoS,node_0043,2,2,697
block_0235,DPoS,node_0080,2,2,775
block_0236,DPoS,node_0021,2,2,695
block_0237,DPoS,node_0046,2,2,594
block_0238,DPoS,node_0201,2,2,777
block_0239,DPoS,node_0067,2,2,770
block_0240,DPoS,node_0160,2,2,778
block_0241,DPoS,node_0084,2,3,612
block_0242,DPoS,node_0290,2,3,778
block_0243,DPoS,node_0149,2,3,692
block_0244,DPoS,node_0282,2,3,763
block_0245,DPoS,node_0489,2,3,774
block_0246,DPoS,node_0107,2,3,555
block_0247,DPoS,node_0422,2,3,627
block_0248,DPoS,node_0415,2,3,776
block_0249,DPoS,node_0074,2,3,606
block_0250,DPoS,node_0116,2,3,777
block_0251,DPoS,node_0262,2,3,745
block_0252,DPoS,node_0457,2,3,777
block_0253,DPoS,node_0269,2,3,650
block_0254,DPoS,node_0043,2,3,647
block_0255,DPoS,node_0021,2,3,619
block_0256,DPoS,node_0021,2,3,752
block_0257,DPoS,node_0046,2,3,659
block_0258,DPoS,node_0201,2,3,776
block_0259,DPoS,node_0067,2,3,773
block_0260,DPoS,node_0160,2,3,778
block_0261,DPoS,node_0084,2,4,778
block_0262,DPoS,node_0290,2,4,728
block_0263,DPoS,node_0149,2,4,778
block_0264,DPoS,node_0282,2,4,639
block_0265,DPoS,node_0489,2,4,778
block_0266,DPoS,node_0107,2,4,649
block_0267,DPoS,node_0422,2,4,757
block_0268,DPoS,node_0415,2,4,777
block_0269,DPoS,node_0074,2,4,613
block_0270,DPoS,node_0116,2,4,699
block_0271,DPoS,node_0262,2,4,638
block_0272,DPoS,node_0457,2,4,689
block_0273,DPoS,node_0269,2,4,755
block_0274,DPoS,node_0043,2,4,587
block_0275,DPoS,node_0048,2,4,680
block_0276,DPoS,node_0021,2,4,533
block_0277,DPoS,node_0046,2,4,777
block_0278,DPoS,node_0201,2,4,777
block_0279,DPoS,node_0409,2,4,630
block_0280,DPoS,node_0160,2,4,778
block_0281,DPoS,node_0084,2,5,775
block_0282,DPoS,node_0290,2,5,532
block_0283,DPoS,node_0149,2,5,535
block_0284,DPoS,node_0282,2,5,566
block_0285,DPoS,node_0489,2,5,778
block_0286,DPoS,node_0107,2,5,766
block_0287,DPoS,node_0422,2,5,637
block_0288,DPoS,node_0415,2,5,648
block_0289,DPoS,node_0074,2,5,585
block_0290,DPoS,node_0116,2,5,778
block_0291,DPoS,node_0262,2,5,777
block_0292,DPoS,node_0457,2,5,588
block_0293,DPoS,node_0269,2,5,601
block_0294,DPoS,node_0043,2,5,725
block_0295,DPoS,node_0048,2,5,591
block_0296,DPoS,node_0021,2,5,611
block_0297,DPoS,node_0201,2,5,548
block_0298,DPoS,node_0201,2,5,677
block_0299,DPoS,node_0409,2,5,741
block_0300,DPoS,node_0160,2,5,575
block_0301,DPoS,node_0084,2,6,778
block_0302,DPoS,node_0290,2,6,569
block_0303,DPoS,node_0149,2,6,596
block_0304,DPoS,node_0282,2,6,559
block_0305,DPoS,node_0220,2,6,668
block_0306,DPoS,node_0107,2,6,598
block_0307,DPoS,node_0422,2,6,775
block_0308,DPoS,node_0415,2,6,585
block_0309,DPoS,node_0074,2,6,750
block_0310,DPoS,node_0116,2,6,608
block_0311,DPoS,node_0262,2,6,574
block_0312,DPoS,node_0457,2,6,777
block_0313,DPoS,node_0269,2,6,625
block_0314,DPoS,node_0043,2,6,699
block_0315,DPoS,node_0048,2,6,712
block_0316,DPoS,node_0021,2,6,738
block_0317,DPoS,node_0214,2,6,562
block_0318,DPoS,node_0201,2,6,778
block_0319,DPoS,node_0409,2,6,714
block_0320,DPoS,node_0160,2,6,636
block_0321,DPoS,node_0084,2,7,778
block_0322,DPoS,node_0290,2,7,651
block_0323,DPoS,node_0149,2,7,778
block_0324,DPoS,node_0282,2,7,623
block_0325,DPoS,node_0220,2,7,774
block_0326,DPoS,node_0422,2,7,536
block_0327,DPoS,node_0422,2,7,764
block_0328,DPoS,node_0415,2,7,563
block_0329,DPoS,node_0074,2,7,778
block_0330,DPoS,node_0116,2,7,774
block_0331,DPoS,node_0440,2,7,591
block_0332,DPoS,node_0457,2,7,600
block_0333,DPoS,node_0269,2,7,602
block_0334,DPoS,node_0043,2,7,775
block_0335,DPoS,node_0048,2,7,778
block_0336,DPoS,node_0021,2,7,561
block_0337,DPoS,node_0214,2,7,715
block_0338,DPoS,node_0201,2,7,588
block_0339,DPoS,node_0409,2,7,619
block_0340,DPoS,node_0160,2,7,755
block_0341,DPoS,node_0084,2,8,634
block_0342,DPoS,node_0290,2,8,580
block_0343,DPoS,node_0149,2,8,688
block_0344,DPoS,node_0282,2,8,603
block_0345,DPoS,node_0220,2,8,676
block_0346,DPoS,node_0307,2,8,664
block_0347,DPoS,node_0422,2,8,530
block_0348,DPoS,node_0415,2,8,531
block_0349,DPoS,node_0074,2,8,570
block_0350,DPoS,node_0116,2,8,529
block_0351,DPoS,node_0440,2,8,727
block_0352,DPoS,node_0457,2,8,591
block_0353,DPoS,node_0269,2,8,705
block_0354,DPoS,node_0043,2,8,776
block_0355,DPoS,node_0048,2,8,672
block_0356,DPoS,node_0021,2,8,628
block_0357,DPoS,node_0214,2,8,564
block_0358,DPoS,node_0201,2,8,622
block_0359,DPoS,node_0488,2,8,574
block_0360,DPoS,node_0160,2,8,776
block_0361,DPoS,node_0084,2,9,770
block_0362,DPoS,node_0290,2,9,675
block_0363,DPoS,node_0149,2,9,765
block_0364,DPoS,node_0282,2,9,597
block_0365,DPoS,node_0220,2,9,719
block_0366,DPoS,node_0307,2,9,748
block_0367,DPoS,node_0422,2,9,676
block_0368,DPoS,node_0415,2,9,619
block_0369,DPoS,node_0074,2,9,774
block_0370,DPoS,node_0116,2,9,774
block_0371,DPoS,node_0440,2,9,775
block_0372,DPoS,node_0457,2,9,671
block_0373,DPoS,node_0269,2,9,721
block_0374,DPoS,node_0043,2,9,683
block_0375,DPoS,node_0048,2,9,777
block_0376,DPoS,node_0021,2,9,776
block_0377,DPoS,node_0214,2,9,670
block_0378,DPoS,node_0201,2,9,774
block_0379,DPoS,node_0488,2,9,738
block_0380,DPoS,node_0160,2,9,587
block_0381,DPoS,node_0084,2,10,645
block_0382,DPoS,node_0290,2,10,761
block_0383,DPoS,node_0149,2,10,776
block_0384,DPoS,node_0282,2,10,577
block_0385,DPoS,node_0220,2,10,736
block_0386,DPoS,node_0307,2,10,774
block_0387,DPoS,node_0422,2,10,734
block_0388,DPoS,node_0415,2,10,556
block_0389,DPoS,node_0074,2,10,536
block_0390,DPoS,node_0116,2,10,661
block_0391,DPoS,node_0440,2,10,693
block_0392,DPoS,node_0457,2,10,778
block_0393,DPoS,node_0269,2,10,777
block_0394,DPoS,node_0239,2,10,757
block_0395,DPoS,node_0239,2,10,775
block_0396,DPoS,node_0021,2,10,562
block_0397,DPoS,node_0214,2,10,777
block_0398,DPoS,node_0201,2,10,550
block_0399,DPoS,node_0488,2,10,675
block_0400,DPoS,node_0160,2,10,530
block_0401,DPoS,node_0132,3,1,776
block_0402,DPoS,node_0440,3,1,714
block_0403,DPoS,node_0318,3,1,605
block_0404,DPoS,node_0494,3,1,611
block_0405,DPoS,node_0358,3,1,581
block_0406,DPoS,node_0138,3,1,562
block_0407,DPoS,node_0381,3,1,525
block_0408,DPoS,node_0387,3,1,582
block_0409,DPoS,node_0232,3,1,652
block_0410,DPoS,node_0207,3,1,766
block_0411,DPoS,node_0072,3,1,715
block_0412,DPoS,node_0034,3,1,720
block_0413,DPoS,node_0262,3,1,661
block_0414,DPoS,node_0287,3,1,635
block_0415,DPoS,node_0129,3,1,637
block_0416,DPoS,node_0439,3,1,667
block_0417,DPoS,node_0330,3,1,771
block_0418,DPoS,node_0368,3,1,709
block_0419,DPoS,node_0070,3,1,718
block_0420,DPoS,node_0172,3,1,650
block_0421,DPoS,node_0132,3,2,776
block_0422,DPoS,node_0440,3,2,772
block_0423,DPoS,node_0318,3,2,558
block_0424,DPoS,node_0494,3,2,543
block_0425,DPoS,node_0138,3,2,627
block_0426,DPoS,node_0138,3,2,639
block_0427,DPoS,node_0381,3,2,548
block_0428,DPoS,node_0387,3,2,557
block_0429,DPoS,node_0232,3,2,772
block_0430,DPoS,node_0072,3,2,575
block_0431,DPoS,node_0072,3,2,777
block_0432,DPoS,node_0229,3,2,588
block_0433,DPoS,node_0262,3,2,532
block_0434,DPoS,node_0287,3,2,678
block_0435,DPoS,node_0129,3,2,732
block_0436,DPoS,node_0439,3,2,654
block_0437,DPoS,node_0330,3,2,774
block_0438,DPoS,node_0368,3,2,777
block_0439,DPoS,node_0070,3,2,754
block_0440,DPoS,node_0172,3,2,608
block_0441,DPoS,node_0132,3,3,775
block_0442,DPoS,node_0440,3,3,643
block_0443,DPoS,node_0318,3,3,777
block_0444,DPoS,node_0494,3,3,754
block_0445,DPoS,node_0175,3,3,564
block_0446,DPoS,node_0138,3,3,564
block_0447,DPoS,node_0381,3,3,538
block_0448,DPoS,node_0387,3,3,583
block_0449,DPoS,node_0232,3,3,537
block_0450,DPoS,node_0461,3,3,532
block_0451,DPoS,node_0072,3,3,587
block_0452,DPoS,node_0229,3,3,774
block_0453,DPoS,node_0262,3,3,613
block_0454,DPoS,node_0287,3,3,777
block_0455,DPoS,node_0129,3,3,774
block_0456,DPoS,node_0439,3,3,775
block_0457,DPoS,node_0330,3,3,724
block_0458,DPoS,node_0368,3,3,584
block_0459,DPoS,node_0070,3,3,772
block_0460,DPoS,node_0172,3,3,774
block_0461,DPoS,node_0132,3,4,614
block_0462,DPoS,node_0440,3,4,774
block_0463,DPoS,node_0318,3,4,583
block_0464,DPoS,node_0494,3,4,714
block_0465,DPoS,node_0175,3,4,536
block_0466,DPoS,node_0138,3,4,559
block_0467,DPoS,node_0381,3,4,738
block_0468,DPoS,node_0387,3,4,636
block_0469,DPoS,node_0232,3,4,578
block_0470,DPoS,node_0461,3,4,680
block_0471,DPoS,node_0072,3,4,687
block_0472,DPoS,node_0229,3,4,772
block_0473,DPoS,node_0262,3,4,718
block_0474,DPoS,node_0287,3,4,552
block_0475,DPoS,node_0129,3,4,641
block_0476,DPoS,node_0439,3,4,550
block_0477,DPoS,node_0330,3,4,777
block_0478,DPoS,node_0368,3,4,617
block_0479,DPoS,node_0070,3,4,777
block_0480,DPoS,node_0172,3,4,601
block_0481,DPoS,node_0132,3,5,738
block_0482,DPoS,node_0440,3,5,539
block_0483,DPoS,node_0318,3,5,694
block_0484,DPoS,node_0494,3,5,640
block_0485,DPoS,node_0175,3,5,739
block_0486,DPoS,node_0138,3,5,777
block_0487,DPoS,node_0381,3,5,596
block_0488,DPoS,node_0387,3,5,756
block_0489,DPoS,node_0232,3,5,602
block_0490,DPoS,node_0461,3,5,601
block_0491,DPoS,node_0072,3,5,548
block_0492,DPoS,node_0229,3,5,733
block_0493,DPoS,node_0262,3,5,560
block_0494,DPoS,node_0287,3,5,540
block_0495,DPoS,node_0129,3,5,667
block_0496,DPoS,node_0439,3,5,610
block_0497,DPoS,node_0330,3,5,590
block_0498,DPoS,node_0368,3,5,617
block_0499,DPoS,node_0070,3,5,635
block_0500,DPoS,node_0172,3,5,738
block_0501,DPoS,node_0132,3,6,776
block_0502,DPoS,node_0440,3,6,715
block_0503,DPoS,node_0318,3,6,773
block_0504,DPoS,node_0494,3,6,640
block_0505,DPoS,node_0175,3,6,696
block_0506,DPoS,node_0138,3,6,591
block_0507,DPoS,node_0381,3,6,681
block_0508,DPoS,node_0387,3,6,772
block_0509,DPoS,node_0232,3,6,773
block_0510,DPoS,node_0461,3,6,685
block_0511,DPoS,node_0072,3,6,537
block_0512,DPoS,node_0229,3,6,710
block_0513,DPoS,node_0262,3,6,777
block_0514,DPoS,node_0129,3,6,678
block_0515,DPoS,node_0129,3,6,714
block_0516,DPoS,node_0439,3,6,594
block_0517,DPoS,node_0330,3,6,582
block_0518,DPoS,node_0368,3,6,704
block_0519,DPoS,node_0070,3,6,622
block_0520,DPoS,node_0172,3,6,700
block_0521,DPoS,node_0132,3,7,546
block_0522,DPoS,node_0440,3,7,574
block_0523,DPoS,node_0318,3,7,537
block_0524,DPoS,node_0494,3,7,573
block_0525,DPoS,node_0175,3,7,774
block_0526,DPoS,node_0138,3,7,774
block_0527,DPoS,node_0381,3,7,775
block_0528,DPoS,node_0387,3,7,527
block_0529,DPoS,node_0232,3,7,630
block_0530,DPoS,node_0461,3,7,674
block_0531,DPoS,node_0072,3,7,774
block_0532,DPoS,node_0229,3,7,714
block_0533,DPoS,node_0262,3,7,739
block_0534,DPoS,node_0350,3,7,775
block_0535,DPoS,node_0439,3,7,597
block_0536,DPoS,node_0439,3,7,774
block_0537,DPoS,node_0330,3,7,552
block_0538,DPoS,node_0368,3,7,623
block_0539,DPoS,node_0070,3,7,666
block_0540,DPoS,node_0172,3,7,752
block_0541,DPoS,node_0132,3,8,700
block_0542,DPoS,node_0440,3,8,775
block_0543,DPoS,node_0318,3,8,562
block_0544,DPoS,node_0494,3,8,774
block_0545,DPoS,node_0175,3,8,725
block_0546,DPoS,node_0138,3,8,568
block_0547,DPoS,node_0381,3,8,634
block_0548,DPoS,node_0387,3,8,773
block_0549,DPoS,node_0232,3,8,666
block_0550,DPoS,node_0461,3,8,620
block_0551,DPoS,node_0072,3,8,739
block_0552,DPoS,node_0229,3,8,590
block_0553,DPoS,node_0350,3,8,651
block_0554,DPoS,node_0350,3,8,558
block_0555,DPoS,node_0280,3,8,738
block_0556,DPoS,node_0439,3,8,671
block_0557,DPoS,node_0330,3,8,775
block_0558,DPoS,node_0368,3,8,732
block_0559,DPoS,node_0070,3,8,777
block_0560,DPoS,node_0172,3,8,747
block_0561,DPoS,node_0132,3,9,697
block_0562,DPoS,node_0440,3,9,710
block_0563,DPoS,node_0318,3,9,738
block_0564,DPoS,node_0494,3,9,561
block_0565,DPoS,node_0495,3,9,592
block_0566,DPoS,node_0495,3,9,578
block_0567,DPoS,node_0381,3,9,769
block_0568,DPoS,node_0387,3,9,689
block_0569,DPoS,node_0232,3,9,668
block_0570,DPoS,node_0461,3,9,777
block_0571,DPoS,node_0072,3,9,583
block_0572,DPoS,node_0229,3,9,671
block_0573,DPoS,node_0102,3,9,755
block_0574,DPoS,node_0448,3,9,540
block_0575,DPoS,node_0280,3,9,641
block_0576,DPoS,node_0439,3,9,777
block_0577,DPoS,node_0330,3,9,560
block_0578,DPoS,node_0368,3,9,616
block_0579,DPoS,node_0070,3,9,769
block_0580,DPoS,node_0172,3,9,579
block_0581,DPoS,node_0132,3,10,776
block_0582,DPoS,node_0440,3,10,654
block_0583,DPoS,node_0318,3,10,655
block_0584,DPoS,node_0494,3,10,771
block_0585,DPoS,node_0465,3,10,752
block_0586,DPoS,node_0495,3,10,774
block_0587,DPoS,node_0381,3,10,775
block_0588,DPoS,node_0387,3,10,776
block_0589,DPoS,node_0232,3,10,749
block_0590,DPoS,node_0461,3,10,620
block_0591,DPoS,node_0072,3,10,760
block_0592,DPoS,node_0229,3,10,773
block_0593,DPoS,node_0223,3,10,709
block_0594,DPoS,node_0448,3,10,743
block_0595,DPoS,node_0280,3,10,617
block_0596,DPoS,node_0439,3,10,564
block_0597,DPoS,node_0330,3,10,601
block_0598,DPoS,node_0368,3,10,563
block_0599,DPoS,node_0070,3,10,660
block_0600,DPoS,node_0172,3,10,771
block_0601,DPoS,node_0480,4,1,711
block_0602,DPoS,node_0277,4,1,775
block_0603,DPoS,node_0327,4,1,573
block_0604,DPoS,node_0334,4,1,716
block_0605,DPoS,node_0108,4,1,555
block_0606,DPoS,node_0488,4,1,756
block_0607,DPoS,node_0422,4,1,631
block_0608,DPoS,node_0250,4,1,721
block_0609,DPoS,node_0252,4,1,778
block_0610,DPoS,node_0097,4,1,775
block_0611,DPoS,node_0238,4,1,775
block_0612,DPoS,node_0366,4,1,574
block_0613,DPoS,node_0263,4,1,645
block_0614,DPoS,node_0079,4,1,778
block_0615,DPoS,node_0014,4,1,733
block_0616,DPoS,node_0368,4,1,659
block_0617,DPoS,node_0447,4,1,641
block_0618,DPoS,node_0221,4,1,669
block_0619,DPoS,node_0246,4,1,776
block_0620,DPoS,node_0036,4,1,645
block_0621,DPoS,node_0480,4,2,545
block_0622,DPoS,node_0277,4,2,776
block_0623,DPoS,node_0327,4,2,538
block_0624,DPoS,node_0334,4,2,653
block_0625,DPoS,node_0108,4,2,601
block_0626,DPoS,node_0488,4,2,708
block_0627,DPoS,node_0422,4,2,645
block_0628,DPoS,node_0250,4,2,720
block_0629,DPoS,node_0252,4,2,775
block_0630,DPoS,node_0097,4,2,774
block_0631,DPoS,node_0238,4,2,757
block_0632,DPoS,node_0366,4,2,771
block_0633,DPoS,node_0263,4,2,538
block_0634,DPoS,node_0079,4,2,710
block_0635,DPoS,node_0014,4,2,529
block_0636,DPoS,node_0368,4,2,731
block_0637,DPoS,node_0447,4,2,672
block_0638,DPoS,node_0221,4,2,687
block_0639,DPoS,node_0246,4,2,615
block_0640,DPoS,node_0036,4,2,770
block_0641,DPoS,node_0480,4,3,647
block_0642,DPoS,node_0277,4,3,702
block_0643,DPoS,node_0327,4,3,699
block_0644,DPoS,node_0334,4,3,702
block_0645,DPoS,node_0108,4,3,775
block_0646,DPoS,node_0488,4,3,559
block_0647,DPoS,node_0422,4,3,573
block_0648,DPoS,node_0250,4,3,585
block_0649,DPoS,node_0252,4,3,688
block_0650,DPoS,node_0097,4,3,735
block_0651,DPoS,node_0238,4,3,541
block_0652,DPoS,node_0366,4,3,543
block_0653,DPoS,node_0263,4,3,741
block_0654,DPoS,node_0079,4,3,652
block_0655,DPoS,node_0014,4,3,534
block_0656,DPoS,node_0447,4,3,685
block_0657,DPoS,node_0447,4,3,775
block_0658,DPoS,node_0221,4,3,753
block_0659,DPoS,node_0246,4,3,550
block_0660,DPoS,node_0036,4,3,778
block_0661,DPoS,node_0480,4,4,564
block_0662,DPoS,node_0277,4,4,618
block_0663,DPoS,node_0327,4,4,636
block_0664,DPoS,node_0334,4,4,526
block_0665,DPoS,node_0108,4,4,615
block_0666,DPoS,node_0488,4,4,670
block_0667,DPoS,node_0422,4,4,532
block_0668,DPoS,node_0250,4,4,546
block_0669,DPoS,node_0252,4,4,691
block_0670,DPoS,node_0097,4,4,757
block_0671,DPoS,node_0238,4,4,560
block_0672,DPoS,node_0366,4,4,655
block_0673,DPoS,node_0263,4,4,774
block_0674,DPoS,node_0079,4,4,633
block_0675,DPoS,node_0014,4,4,664
block_0676,DPoS,node_0048,4,4,537
block_0677,DPoS,node_0447,4,4,711
block_0678,DPoS,node_0246,4,4,581
block_0679,DPoS,node_0246,4,4,536
block_0680,DPoS,node_0036,4,4,680
block_0681,DPoS,node_0480,4,5,543
block_0682,DPoS,node_0277,4,5,593
block_0683,DPoS,node_0327,4,5,622
block_0684,DPoS,node_0334,4,5,774
block_0685,DPoS,node_0108,4,5,777
block_0686,DPoS,node_0488,4,5,573
block_0687,DPoS,node_0422,4,5,755
block_0688,DPoS,node_0250,4,5,572
block_0689,DPoS,node_0252,4,5,640
block_0690,DPoS,node_0097,4,5,703
block_0691,DPoS,node_0238,4,5,674
block_0692,DPoS,node_0366,4,5,605
block_0693,DPoS,node_0263,4,5,765
block_0694,DPoS,node_0079,4,5,771
block_0695,DPoS,node_0014,4,5,773
block_0696,DPoS,node_0048,4,5,683
block_0697,DPoS,node_0447,4,5,776
block_0698,DPoS,node_0283,4,5,707
block_0699,DPoS,node_0246,4,5,771
block_0700,DPoS,node_0036,4,5,773
block_0701,DPoS,node_0480,4,6,703
block_0702,DPoS,node_0277,4,6,776
block_0703,DPoS,node_0327,4,6,548
block_0704,DPoS,node_0334,4,6,774
block_0705,DPoS,node_0108,4,6,587
block_0706,DPoS,node_0488,4,6,777
block_0707,DPoS,node_0422,4,6,762
block_0708,DPoS,node_0250,4,6,607
block_0709,DPoS,node_0252,4,6,628
block_0710,DPoS,node_0097,4,6,544
block_0711,DPoS,node_0238,4,6,684
block_0712,DPoS,node_0366,4,6,778
block_0713,DPoS,node_0263,4,6,683
block_0714,DPoS,node_0079,4,6,661
block_0715,DPoS,node_0014,4,6,622
block_0716,DPoS,node_0048,4,6,778
block_0717,DPoS,node_0447,4,6,774
block_0718,DPoS,node_0283,4,6,592
block_0719,DPoS,node_0246,4,6,777
block_0720,DPoS,node_0036,4,6,581
block_0721,DPoS,node_0415,4,7,770
block_0722,DPoS,node_0277,4,7,775
block_0723,DPoS,node_0261,4,7,740
block_0724,DPoS,node_0334,4,7,776
block_0725,DPoS,node_0108,4,7,706
block_0726,DPoS,node_0488,4,7,735
block_0727,DPoS,node_0422,4,7,676
block_0728,DPoS,node_0250,4,7,555
block_0729,DPoS,node_0252,4,7,773
block_0730,DPoS,node_0097,4,7,764
block_0731,DPoS,node_0238,4,7,777
block_0732,DPoS,node_0366,4,7,550
block_0733,DPoS,node_0263,4,7,719
block_0734,DPoS,node_0079,4,7,545
block_0735,DPoS,node_0014,4,7,674
block_0736,DPoS,node_0048,4,7,526
block_0737,DPoS,node_0447,4,7,734
block_0738,DPoS,node_0283,4,7,597
block_0739,DPoS,node_0246,4,7,716
block_0740,DPoS,node_0036,4,7,774
block_0741,DPoS,node_0415,4,8,733
block_0742,DPoS,node_0167,4,8,762
block_0743,DPoS,node_0167,4,8,774
block_0744,DPoS,node_0334,4,8,673
block_0745,DPoS,node_0108,4,8,639
block_0746,DPoS,node_0488,4,8,647
block_0747,DPoS,node_0422,4,8,776
block_0748,DPoS,node_0250,4,8,696
block_0749,DPoS,node_0252,4,8,722
block_0750,DPoS,node_0097,4,8,752
block_0751,DPoS,node_0238,4,8,775
block_0752,DPoS,node_0366,4,8,630
block_0753,DPoS,node_0263,4,8,613
block_0754,DPoS,node_0079,4,8,588
block_0755,DPoS,node_0014,4,8,777
block_0756,DPoS,node_0048,4,8,722
block_0757,DPoS,node_0447,4,8,768
block_0758,DPoS,node_0283,4,8,593
block_0759,DPoS,node_0246,4,8,777
block_0760,DPoS,node_0036,4,8,775
block_0761,DPoS,node_0415,4,9,772
block_0762,DPoS,node_0228,4,9,726
block_0763,DPoS,node_0167,4,9,629
block_0764,DPoS,node_0334,4,9,770
block_0765,DPoS,node_0108,4,9,733
block_0766,DPoS,node_0488,4,9,698
block_0767,DPoS,node_0422,4,9,609
block_0768,DPoS,node_0250,4,9,530
block_0769,DPoS,node_0252,4,9,768
block_0770,DPoS,node_0097,4,9,626
block_0771,DPoS,node_0238,4,9,722
block_0772,DPoS,node_0366,4,9,566
block_0773,DPoS,node_0263,4,9,554
block_0774,DPoS,node_0079,4,9,773
block_0775,DPoS,node_0014,4,9,762
block_0776,DPoS,node_0048,4,9,554
block_0777,DPoS,node_0447,4,9,534
block_0778,DPoS,node_0283,4,9,643
block_0779,DPoS,node_0246,4,9,751
block_0780,DPoS,node_0036,4,9,610
block_0781,DPoS,node_0415,4,10,576
block_0782,DPoS,node_0228,4,10,696
block_0783,DPoS,node_0167,4,10,661
block_0784,DPoS,node_0334,4,10,574
block_0785,DPoS,node_0488,4,10,614
block_0786,DPoS,node_0488,4,10,592
block_0787,DPoS,node_0422,4,10,773
block_0788,DPoS,node_0250,4,10,772
block_0789,DPoS,node_0252,4,10,550
block_0790,DPoS,node_0097,4,10,610
block_0791,DPoS,node_0238,4,10,633
block_0792,DPoS,node_0366,4,10,771
block_0793,DPoS,node_0263,4,10,689
block_0794,DPoS,node_0079,4,10,773
block_0795,DPoS,node_0014,4,10,685
block_0796,DPoS,node_0048,4,10,563
block_0797,DPoS,node_0447,4,10,562
block_0798,DPoS,node_0283,4,10,556
block_0799,DPoS,node_0246,4,10,704
block_0800,DPoS,node_0036,4,10,720
block_0801,DPoS,node_0294,5,1,731
block_0802,DPoS,node_0107,5,1,539
block_0803,DPoS,node_0049,5,1,742
block_0804,DPoS,node_0448,5,1,656
block_0805,DPoS,node_0405,5,1,719
block_0806,DPoS,node_0141,5,1,670
block_0807,DPoS,node_0171,5,1,603
block_0808,DPoS,node_0366,5,1,755
block_0809,DPoS,node_0097,5,1,559
block_0810,DPoS,node_0154,5,1,603
block_0811,DPoS,node_0183,5,1,648
block_0812,DPoS,node_0313,5,1,767
block_0813,DPoS,node_0493,5,1,581
block_0814,DPoS,node_0145,5,1,775
block_0815,DPoS,node_0488,5,1,638
block_0816,DPoS,node_0352,5,1,677
block_0817,DPoS,node_0119,5,1,595
block_0818,DPoS,node_0341,5,1,775
block_0819,DPoS,node_0136,5,1,771
block_0820,DPoS,node_0189,5,1,661
block_0821,DPoS,node_0294,5,2,776
block_0822,DPoS,node_0107,5,2,612
block_0823,DPoS,node_0049,5,2,650
block_0824,DPoS,node_0448,5,2,664
block_0825,DPoS,node_0405,5,2,744
block_0826,DPoS,node_0141,5,2,590
block_0827,DPoS,node_0366,5,2,774
block_0828,DPoS,node_0366,5,2,746
block_0829,DPoS,node_0097,5,2,772
block_0830,DPoS,node_0154,5,2,601
block_0831,DPoS,node_0239,5,2,735
block_0832,DPoS,node_0313,5,2,778
block_0833,DPoS,node_0145,5,2,773
block_0834,DPoS,node_0145,5,2,776
block_0835,DPoS,node_0488,5,2,778
block_0836,DPoS,node_0352,5,2,627
block_0837,DPoS,node_0119,5,2,777
block_0838,DPoS,node_0341,5,2,754
block_0839,DPoS,node_0136,5,2,765
block_0840,DPoS,node_0189,5,2,621
block_0841,DPoS,node_0294,5,3,671
block_0842,DPoS,node_0333,5,3,753
block_0843,DPoS,node_0049,5,3,580
block_0844,DPoS,node_0448,5,3,539
block_0845,DPoS,node_0405,5,3,747
block_0846,DPoS,node_0141,5,3,697
block_0847,DPoS,node_0466,5,3,757
block_0848,DPoS,node_0366,5,3,778
block_0849,DPoS,node_0097,5,3,777
block_0850,DPoS,node_0154,5,3,663
block_0851,DPoS,node_0239,5,3,650
block_0852,DPoS,node_0313,5,3,653
block_0853,DPoS,node_0324,5,3,564
block_0854,DPoS,node_0145,5,3,734
block_0855,DPoS,node_0449,5,3,770
block_0856,DPoS,node_0352,5,3,661
block_0857,DPoS,node_0119,5,3,704
block_0858,DPoS,node_0341,5,3,590
block_0859,DPoS,node_0136,5,3,635
block_0860,DPoS,node_0189,5,3,744
block_0861,DPoS,node_0294,5,4,750
block_0862,DPoS,node_0333,5,4,772
block_0863,DPoS,node_0049,5,4,693
block_0864,DPoS,node_0448,5,4,580
block_0865,DPoS,node_0405,5,4,774
block_0866,DPoS,node_0141,5,4,751
block_0867,DPoS,node_0366,5,4,656
block_0868,DPoS,node_0366,5,4,627
block_0869,DPoS,node_0097,5,4,721
block_0870,DPoS,node_0154,5,4,672
block_0871,DPoS,node_0239,5,4,744
block_0872,DPoS,node_0313,5,4,613
block_0873,DPoS,node_0324,5,4,592
block_0874,DPoS,node_0145,5,4,749
block_0875,DPoS,node_0449,5,4,524
block_0876,DPoS,node_0352,5,4,716
block_0877,DPoS,node_0119,5,4,627
block_0878,DPoS,node_0341,5,4,767
block_0879,DPoS,node_0136,5,4,588
block_0880,DPoS,node_0189,5,4,773
block_0881,DPoS,node_0294,5,5,774
block_0882,DPoS,node_0333,5,5,769
block_0883,DPoS,node_0049,5,5,734
block_0884,DPoS,node_0448,5,5,761
block_0885,DPoS,node_0405,5,5,775
block_0886,DPoS,node_0141,5,5,600
block_0887,DPoS,node_0407,5,5,578
block_0888,DPoS,node_0366,5,5,686
block_0889,DPoS,node_0097,5,5,681
block_0890,DPoS,node_0154,5,5,579
block_0891,DPoS,node_0239,5,5,744
block_0892,DPoS,node_0313,5,5,747
block_0893,DPoS,node_0324,5,5,744
block_0894,DPoS,node_0145,5,5,767
block_0895,DPoS,node_0449,5,5,744
block_0896,DPoS,node_0352,5,5,763
block_0897,DPoS,node_0119,5,5,566
block_0898,DPoS,node_0341,5,5,776
block_0899,DPoS,node_0136,5,5,777
block_0900,DPoS,node_0189,5,5,721
block_0901,DPoS,node_0344,5,6,773
block_0902,DPoS,node_0333,5,6,625
