Block_id,transaction_quantity,remarks
block_0001,419,mem_pool tx_id 1-419
block_0002,493,mem_pool tx_id 420-912
block_0003,477,mem_pool tx_id 913-1389
block_0004,401,mem_pool tx_id 1390-1790
block_0005,650,mem_pool tx_id 1791-2440
block_0006,568,mem_pool tx_id 2441-3008
block_0007,575,mem_pool tx_id 3009-3583
block_0008,650,mem_pool tx_id 3584-4233
block_0009,650,mem_pool tx_id 4234-4883
block_0010,650,mem_pool tx_id 4884-5533
block_0011,534,mem_pool tx_id 5534-6067
block_0012,650,mem_pool tx_id 6068-6717
block_0013,650,mem_pool tx_id 6718-7367
block_0014,460,mem_pool tx_id 7368-7827
block_0015,650,mem_pool tx_id 7828-8477
block_0016,650,mem_pool tx_id 8478-9127
block_0017,650,mem_pool tx_id 9128-9777
block_0018,498,mem_pool tx_id 9778-10275
block_0019,650,mem_pool tx_id 10276-10925
block_0020,528,mem_pool tx_id 10926-11453
block_0021,650,mem_pool tx_id 11454-12103
block_0022,417,mem_pool tx_id 12104-12520
block_0023,556,mem_pool tx_id 12521-13076
block_0024,650,mem_pool tx_id 13077-13726
block_0025,509,mem_pool tx_id 13727-14235
block_0026,647,mem_pool tx_id 14236-14882
block_0027,643,mem_pool tx_id 14883-15525
block_0028,574,mem_pool tx_id 15526-16099
block_0029,650,mem_pool tx_id 16100-16749
block_0030,537,mem_pool tx_id 16750-17286
block_0031,535,mem_pool tx_id 17287-17821
block_0032,487,mem_pool tx_id 17822-18308
block_0033,650,mem_pool tx_id 18309-18958
block_0034,477,mem_pool tx_id 18959-19435
block_0035,439,mem_pool tx_id 19436-19874
block_0036,638,mem_pool tx_id 19875-20512
block_0037,486,mem_pool tx_id 20513-20998
block_0038,618,mem_pool tx_id 20999-21616
block_0039,630,mem_pool tx_id 21617-22246
block_0040,650,mem_pool tx_id 22247-22896
block_0041,646,mem_pool tx_id 22897-23542
block_0042,433,mem_pool tx_id 23543-23975
block_0043,406,mem_pool tx_id 23976-24381
block_0044,650,mem_pool tx_id 24382-25031
block_0045,650,mem_pool tx_id 25032-25681
block_0046,410,mem_pool tx_id 25682-26091
block_0047,583,mem_pool tx_id 26092-26674
block_0048,598,mem_pool tx_id 26675-27272
block_0049,550,mem_pool tx_id 27273-27822
block_0050,528,mem_pool tx_id 27823-28350
block_0051,650,mem_pool tx_id 28351-29000
block_0052,574,mem_pool tx_id 29001-29574
block_0053,534,mem_pool tx_id 29575-30108
block_0054,561,mem_pool tx_id 30109-30669
block_0055,559,mem_pool tx_id 30670-31228
block_0056,490,mem_pool tx_id 31229-31718
block_0057,445,mem_pool tx_id 31719-32163
block_0058,611,mem_pool tx_id 32164-32774
block_0059,650,mem_pool tx_id 32775-33424
block_0060,480,mem_pool tx_id 33425-33904
block_0061,596,mem_pool tx_id 33905-34500
block_0062,440,mem_pool tx_id 34501-34940
block_0063,650,mem_pool tx_id 34941-35590
block_0064,650,mem_pool tx_id 35591-36240
block_0065,650,mem_pool tx_id 36241-36890
block_0066,650,mem_pool tx_id 36891-37540
block_0067,401,mem_pool tx_id 37541-37941
block_0068,439,mem_pool tx_id 37942-38380
block_0069,650,mem_pool tx_id 38381-39030
block_0070,650,mem_pool tx_id 39031-39680
block_0071,582,mem_pool tx_id 39681-40262
block_0072,589,mem_pool tx_id 40263-40851
block_0073,605,mem_pool tx_id 40852-41456
block_0074,442,mem_pool tx_id 41457-41898
block_0075,605,mem_pool tx_id 41899-42503
block_0076,534,mem_pool tx_id 42504-43037
block_0077,650,mem_pool tx_id 43038-43687
block_0078,431,mem_pool tx_id 43688-44118
block_0079,493,mem_pool tx_id 44119-44611
block_0080,476,mem_pool tx_id 44612-45087
block_0081,606,mem_pool tx_id 45088-45693
block_0082,543,mem_pool tx_id 45694-46236
block_0083,582,mem_pool tx_id 46237-46818
block_0084,424,mem_pool tx_id 46819-47242
block_0085,421,mem_pool tx_id 47243-47663
block_0086,650,mem_pool tx_id 47664-48313
block_0087,434,mem_pool tx_id 48314-48747
block_0088,601,mem_pool tx_id 48748-49348
block_0089,650,mem_pool tx_id 49349-49998
block_0090,650,mem_pool tx_id 49999-50648
block_0091,638,mem_pool tx_id 50649-51286
block_0092,650,mem_pool tx_id 51287-51936
block_0093,564,mem_pool tx_id 51937-52500
block_0094,566,mem_pool tx_id 52501-53066
block_0095,641,mem_pool tx_id 53067-53707
block_0096,580,mem_pool tx_id 53708-54287
block_0097,650,mem_pool tx_id 54288-54937
block_0098,505,mem_pool tx_id 54938-55442
block_0099,572,mem_pool tx_id 55443-56014
block_0100,424,mem_pool tx_id 56015-56438
block_0101,650,mem_pool tx_id 56439-57088
block_0102,650,mem_pool tx_id 57089-57738
block_0103,530,mem_pool tx_id 57739-58268
block_0104,471,mem_pool tx_id 58269-58739
block_0105,650,mem_pool tx_id 58740-59389
block_0106,542,mem_pool tx_id 59390-59931
block_0107,423,mem_pool tx_id 59932-60354
block_0108,496,mem_pool tx_id 60355-60850
block_0109,515,mem_pool tx_id 60851-61365
block_0110,552,mem_pool tx_id 61366-61917
block_0111,564,mem_pool tx_id 61918-62481
block_0112,620,mem_pool tx_id 62482-63101
block_0113,632,mem_pool tx_id 63102-63733
block_0114,650,mem_pool tx_id 63734-64383
block_0115,650,mem_pool tx_id 64384-65033
block_0116,617,mem_pool tx_id 65034-65650
block_0117,560,mem_pool tx_id 65651-66210
block_0118,544,mem_pool tx_id 66211-66754
block_0119,650,mem_pool tx_id 66755-67404
block_0120,437,mem_pool tx_id 67405-67841
block_0121,598,mem_pool tx_id 67842-68439
block_0122,535,mem_pool tx_id 68440-68974
block_0123,650,mem_pool tx_id 68975-69624
block_0124,442,mem_pool tx_id 69625-70066
block_0125,409,mem_pool tx_id 70067-70475
block_0126,536,mem_pool tx_id 70476-71011
block_0127,512,mem_pool tx_id 71012-71523
block_0128,461,mem_pool tx_id 71524-71984
block_0129,650,mem_pool tx_id 71985-72634
block_0130,541,mem_pool tx_id 72635-73175
block_0131,580,mem_pool tx_id 73176-73755
block_0132,508,mem_pool tx_id 73756-74263
block_0133,650,mem_pool tx_id 74264-74913
block_0134,563,mem_pool tx_id 74914-75476
block_0135,650,mem_pool tx_id 75477-76126
block_0136,411,mem_pool tx_id 76127-76537
block_0137,650,mem_pool tx_id 76538-77187
block_0138,483,mem_pool tx_id 77188-77670
block_0139,611,mem_pool tx_id 77671-78281
block_0140,518,mem_pool tx_id 78282-78799
block_0141,540,mem_pool tx_id 78800-79339
block_0142,586,mem_pool tx_id 79340-79925
block_0143,426,mem_pool tx_id 79926-80351
block_0144,453,mem_pool tx_id 80352-80804
block_0145,650,mem_pool tx_id 80805-81454
block_0146,650,mem_pool tx_id 81455-82104
block_0147,585,mem_pool tx_id 82105-82689
block_0148,650,mem_pool tx_id 82690-83339
block_0149,539,mem_pool tx_id 83340-83878
block_0150,650,mem_pool tx_id 83879-84528
block_0151,575,mem_pool tx_id 84529-85103
block_0152,623,mem_pool tx_id 85104-85726
block_0153,650,mem_pool tx_id 85727-86376
block_0154,501,mem_pool tx_id 86377-86877
block_0155,470,mem_pool tx_id 86878-87347
block_0156,627,mem_pool tx_id 87348-87974
block_0157,643,mem_pool tx_id 87975-88617
block_0158,499,mem_pool tx_id 88618-89116
block_0159,577,mem_pool tx_id 89117-89693
block_0160,630,mem_pool tx_id 89694-90323
block_0161,604,mem_pool tx_id 90324-90927
block_0162,650,mem_pool tx_id 90928-91577
block_0163,536,mem_pool tx_id 91578-92113
block_0164,650,mem_pool tx_id 92114-92763
block_0165,522,mem_pool tx_id 92764-93285
block_0166,650,mem_pool tx_id 93286-93935
block_0167,554,mem_pool tx_id 93936-94489
block_0168,582,mem_pool tx_id 94490-95071
block_0169,650,mem_pool tx_id 95072-95721
block_0170,415,mem_pool tx_id 95722-96136
block_0171,477,mem_pool tx_id 96137-96613
block_0172,632,mem_pool tx_id 96614-97245
block_0173,527,mem_pool tx_id 97246-97772
block_0174,608,mem_pool tx_id 97773-98380
block_0175,650,mem_pool tx_id 98381-99030
block_0176,513,mem_pool tx_id 99031-99543
block_0177,508,mem_pool tx_id 99544-100051
block_0178,418,mem_pool tx_id 100052-100469
block_0179,650,mem_pool tx_id 100470-101119
block_0180,476,mem_pool tx_id 101120-101595
block_0181,650,mem_pool tx_id 101596-102245
block_0182,510,mem_pool tx_id 102246-102755
block_0183,431,mem_pool tx_id 102756-103186
block_0184,400,mem_pool tx_id 103187-103586
block_0185,537,mem_pool tx_id 103587-104123
block_0186,650,mem_pool tx_id 104124-104773
block_0187,650,mem_pool tx_id 104774-105423
block_0188,417,mem_pool tx_id 105424-105840
block_0189,478,mem_pool tx_id 105841-106318
block_0190,650,mem_pool tx_id 106319-106968
block_0191,480,mem_pool tx_id 106969-107448
block_0192,584,mem_pool tx_id 107449-108032
block_0193,650,mem_pool tx_id 108033-108682
block_0194,534,mem_pool tx_id 108683-109216
block_0195,571,mem_pool tx_id 109217-109787
block_0196,544,mem_pool tx_id 109788-110331
block_0197,432,mem_pool tx_id 110332-110763
block_0198,650,mem_pool tx_id 110764-111413
block_0199,407,mem_pool tx_id 111414-111820
block_0200,437,mem_pool tx_id 111821-112257
block_0201,533,mem_pool tx_id 112258-112790
block_0202,650,mem_pool tx_id 112791-113440
block_0203,650,mem_pool tx_id 113441-114090
block_0204,436,mem_pool tx_id 114091-114526
block_0205,495,mem_pool tx_id 114527-115021
block_0206,436,mem_pool tx_id 115022-115457
block_0207,590,mem_pool tx_id 115458-116047
block_0208,409,mem_pool tx_id 116048-116456
block_0209,517,mem_pool tx_id 116457-116973
block_0210,499,mem_pool tx_id 116974-117472
block_0211,579,mem_pool tx_id 117473-118051
block_0212,546,mem_pool tx_id 118052-118597
block_0213,650,mem_pool tx_id 118598-119247
block_0214,650,mem_pool tx_id 119248-119897
block_0215,438,mem_pool tx_id 119898-120335
block_0216,407,mem_pool tx_id 120336-120742
block_0217,464,mem_pool tx_id 120743-121206
block_0218,650,mem_pool tx_id 121207-121856
block_0219,650,mem_pool tx_id 121857-122506
block_0220,650,mem_pool tx_id 122507-123156
block_0221,650,mem_pool tx_id 123157-123806
block_0222,528,mem_pool tx_id 123807-124334
block_0223,633,mem_pool tx_id 124335-124967
block_0224,440,mem_pool tx_id 124968-125407
block_0225,409,mem_pool tx_id 125408-125816
block_0226,445,mem_pool tx_id 125817-126261
block_0227,458,mem_pool tx_id 126262-126719
block_0228,650,mem_pool tx_id 126720-127369
block_0229,650,mem_pool tx_id 127370-128019
block_0230,460,mem_pool tx_id 128020-128479
block_0231,489,mem_pool tx_id 128480-128968
block_0232,555,mem_pool tx_id 128969-129523
block_0233,524,mem_pool tx_id 129524-130047
block_0234,570,mem_pool tx_id 130048-130617
block_0235,650,mem_pool tx_id 130618-131267
block_0236,567,mem_pool tx_id 131268-131834
block_0237,468,mem_pool tx_id 131835-132302
block_0238,650,mem_pool tx_id 132303-132952
block_0239,644,mem_pool tx_id 132953-133596
block_0240,650,mem_pool tx_id 133597-134246
block_0241,485,mem_pool tx_id 134247-134731
block_0242,650,mem_pool tx_id 134732-135381
block_0243,566,mem_pool tx_id 135382-135947
block_0244,638,mem_pool tx_id 135948-136585
block_0245,650,mem_pool tx_id 136586-137235
block_0246,428,mem_pool tx_id 137236-137663
block_0247,500,mem_pool tx_id 137664-138163
block_0248,650,mem_pool tx_id 138164-138813
block_0249,478,mem_pool tx_id 138814-139291
block_0250,650,mem_pool tx_id 139292-139941
block_0251,617,mem_pool tx_id 139942-140558
block_0252,650,mem_pool tx_id 140559-141208
block_0253,524,mem_pool tx_id 141209-141732
block_0254,519,mem_pool tx_id 141733-142251
block_0255,494,mem_pool tx_id 142252-142745
block_0256,624,mem_pool tx_id 142746-143369
block_0257,533,mem_pool tx_id 143370-143902
block_0258,650,mem_pool tx_id 143903-144552
block_0259,647,mem_pool tx_id 144553-145199
block_0260,650,mem_pool tx_id 145200-145849
block_0261,650,mem_pool tx_id 145850-146499
block_0262,600,mem_pool tx_id 146500-147099
block_0263,650,mem_pool tx_id 147100-147749
block_0264,511,mem_pool tx_id 147750-148260
block_0265,650,mem_pool tx_id 148261-148910
block_0266,521,mem_pool tx_id 148911-149431
block_0267,629,mem_pool tx_id 149432-150060
block_0268,650,mem_pool tx_id 150061-150710
block_0269,485,mem_pool tx_id 150711-151195
block_0270,571,mem_pool tx_id 151196-151766
block_0271,510,mem_pool tx_id 151767-152276
block_0272,561,mem_pool tx_id 152277-152837
block_0273,627,mem_pool tx_id 152838-153464
block_0274,460,mem_pool tx_id 153465-153924
block_0275,553,mem_pool tx_id 153925-154477
block_0276,406,mem_pool tx_id 154478-154883
block_0277,650,mem_pool tx_id 154884-155533
block_0278,650,mem_pool tx_id 155534-156183
block_0279,503,mem_pool tx_id 156184-156686
block_0280,650,mem_pool tx_id 156687-157336
block_0281,650,mem_pool tx_id 157337-157986
block_0282,404,mem_pool tx_id 157987-158390
block_0283,407,mem_pool tx_id 158391-158797
block_0284,438,mem_pool tx_id 158798-159235
block_0285,650,mem_pool tx_id 159236-159885
block_0286,638,mem_pool tx_id 159886-160523
block_0287,509,mem_pool tx_id 160524-161032
block_0288,520,mem_pool tx_id 161033-161552
block_0289,457,mem_pool tx_id 161553-162009
block_0290,650,mem_pool tx_id 162010-162659
block_0291,650,mem_pool tx_id 162660-163309
block_0292,460,mem_pool tx_id 163310-163769
block_0293,475,mem_pool tx_id 163770-164244
block_0294,598,mem_pool tx_id 164245-164842
block_0295,466,mem_pool tx_id 164843-165308
block_0296,484,mem_pool tx_id 165309-165792
block_0297,420,mem_pool tx_id 165793-166212
block_0298,549,mem_pool tx_id 166213-166761
block_0299,613,mem_pool tx_id 166762-167374
block_0300,447,mem_pool tx_id 167375-167821
block_0301,650,mem_pool tx_id 167822-168471
block_0302,441,mem_pool tx_id 168472-168912
block_0303,468,mem_pool tx_id 168913-169380
block_0304,435,mem_pool tx_id 169381-169815
block_0305,541,mem_pool tx_id 169816-170356
block_0306,474,mem_pool tx_id 170357-170830
block_0307,650,mem_pool tx_id 170831-171480
block_0308,459,mem_pool tx_id 171481-171939
block_0309,626,mem_pool tx_id 171940-172565
block_0310,482,mem_pool tx_id 172566-173047
block_0311,446,mem_pool tx_id 173048-173493
block_0312,650,mem_pool tx_id 173494-174143
block_0313,499,mem_pool tx_id 174144-174642
block_0314,575,mem_pool tx_id 174643-175217
block_0315,586,mem_pool tx_id 175218-175803
block_0316,611,mem_pool tx_id 175804-176414
block_0317,434,mem_pool tx_id 176415-176848
block_0318,650,mem_pool tx_id 176849-177498
block_0319,587,mem_pool tx_id 177499-178085
block_0320,510,mem_pool tx_id 178086-178595
block_0321,650,mem_pool tx_id 178596-179245
block_0322,523,mem_pool tx_id 179246-179768
block_0323,650,mem_pool tx_id 179769-180418
block_0324,496,mem_pool tx_id 180419-180914
block_0325,646,mem_pool tx_id 180915-181560
block_0326,408,mem_pool tx_id 181561-181968
block_0327,639,mem_pool tx_id 181969-182607
block_0328,435,mem_pool tx_id 182608-183042
block_0329,650,mem_pool tx_id 183043-183692
block_0330,650,mem_pool tx_id 183693-184342
block_0331,465,mem_pool tx_id 184343-184807
block_0332,473,mem_pool tx_id 184808-185280
block_0333,474,mem_pool tx_id 185281-185754
block_0334,650,mem_pool tx_id 185755-186404
block_0335,650,mem_pool tx_id 186405-187054
block_0336,435,mem_pool tx_id 187055-187489
block_0337,590,mem_pool tx_id 187490-188079
block_0338,460,mem_pool tx_id 188080-188539
block_0339,492,mem_pool tx_id 188540-189031
block_0340,627,mem_pool tx_id 189032-189658
block_0341,506,mem_pool tx_id 189659-190164
block_0342,454,mem_pool tx_id 190165-190618
block_0343,561,mem_pool tx_id 190619-191179
block_0344,479,mem_pool tx_id 191180-191658
block_0345,550,mem_pool tx_id 191659-192208
block_0346,536,mem_pool tx_id 192209-192744
block_0347,402,mem_pool tx_id 192745-193146
block_0348,403,mem_pool tx_id 193147-193549
block_0349,442,mem_pool tx_id 193550-193991
block_0350,401,mem_pool tx_id 193992-194392
block_0351,601,mem_pool tx_id 194393-194993
block_0352,464,mem_pool tx_id 194994-195457
block_0353,578,mem_pool tx_id 195458-196035
block_0354,650,mem_pool tx_id 196036-196685
block_0355,547,mem_pool tx_id 196686-197232
block_0356,505,mem_pool tx_id 197233-197737
block_0357,438,mem_pool tx_id 197738-198175
block_0358,499,mem_pool tx_id 198176-198674
block_0359,449,mem_pool tx_id 198675-199123
block_0360,650,mem_pool tx_id 199124-199773
block_0361,650,mem_pool tx_id 199774-200423
block_0362,548,mem_pool tx_id 200424-200971
block_0363,638,mem_pool tx_id 200972-201609
block_0364,475,mem_pool tx_id 201610-202084
block_0365,595,mem_pool tx_id 202085-202679
block_0366,622,mem_pool tx_id 202680-203301
block_0367,551,mem_pool tx_id 203302-203852
block_0368,495,mem_pool tx_id 203853-204347
block_0369,650,mem_pool tx_id 204348-204997
block_0370,650,mem_pool tx_id 204998-205647
block_0371,650,mem_pool tx_id 205648-206297
block_0372,543,mem_pool tx_id 206298-206840
block_0373,594,mem_pool tx_id 206841-207434
block_0374,557,mem_pool tx_id 207435-207991
block_0375,650,mem_pool tx_id 207992-208641
block_0376,650,mem_pool tx_id 208642-209291
block_0377,544,mem_pool tx_id 209292-209835
block_0378,650,mem_pool tx_id 209836-210485
block_0379,610,mem_pool tx_id 210486-211095
block_0380,460,mem_pool tx_id 211096-211555
block_0381,521,mem_pool tx_id 211556-212076
block_0382,635,mem_pool tx_id 212077-212711
block_0383,650,mem_pool tx_id 212712-213361
block_0384,451,mem_pool tx_id 213362-213812
block_0385,611,mem_pool tx_id 213813-214423
block_0386,650,mem_pool tx_id 214424-215073
block_0387,607,mem_pool tx_id 215074-215680
block_0388,429,mem_pool tx_id 215681-216109
block_0389,408,mem_pool tx_id 216110-216517
block_0390,533,mem_pool tx_id 216518-217050
block_0391,566,mem_pool tx_id 217051-217616
block_0392,650,mem_pool tx_id 217617-218266
block_0393,650,mem_pool tx_id 218267-218916
block_0394,632,mem_pool tx_id 218917-219548
block_0395,650,mem_pool tx_id 219549-220198
block_0396,440,mem_pool tx_id 220199-220638
block_0397,650,mem_pool tx_id 220639-221288
block_0398,422,mem_pool tx_id 221289-221710
block_0399,548,mem_pool tx_id 221711-222258
block_0400,402,mem_pool tx_id 222259-222660
block_0401,650,mem_pool tx_id 222661-223310
block_0402,587,mem_pool tx_id 223311-223897
block_0403,478,mem_pool tx_id 223898-224375
block_0404,485,mem_pool tx_id 224376-224860
block_0405,455,mem_pool tx_id 224861-225315
block_0406,438,mem_pool tx_id 225316-225753
block_0407,400,mem_pool tx_id 225754-226153
block_0408,457,mem_pool tx_id 226154-226610
block_0409,527,mem_pool tx_id 226611-227137
block_0410,643,mem_pool tx_id 227138-227780
block_0411,591,mem_pool tx_id 227781-228371
block_0412,594,mem_pool tx_id 228372-228965
block_0413,536,mem_pool tx_id 228966-229501
block_0414,509,mem_pool tx_id 229502-230010
block_0415,509,mem_pool tx_id 230011-230519
block_0416,540,mem_pool tx_id 230520-231059
block_0417,650,mem_pool tx_id 231060-231709
block_0418,582,mem_pool tx_id 231710-232291
block_0419,591,mem_pool tx_id 232292-232882
block_0420,523,mem_pool tx_id 232883-233405
block_0421,650,mem_pool tx_id 233406-234055
block_0422,650,mem_pool tx_id 234056-234705
block_0423,432,mem_pool tx_id 234706-235137
block_0424,418,mem_pool tx_id 235138-235555
block_0425,501,mem_pool tx_id 235556-236056
block_0426,511,mem_pool tx_id 236057-236567
block_0427,423,mem_pool tx_id 236568-236990
block_0428,432,mem_pool tx_id 236991-237422
block_0429,648,mem_pool tx_id 237423-238070
block_0430,452,mem_pool tx_id 238071-238522
block_0431,650,mem_pool tx_id 238523-239172
block_0432,466,mem_pool tx_id 239173-239638
block_0433,405,mem_pool tx_id 239639-240043
block_0434,554,mem_pool tx_id 240044-240597
block_0435,605,mem_pool tx_id 240598-241202
block_0436,530,mem_pool tx_id 241203-241732
block_0437,650,mem_pool tx_id 241733-242382
block_0438,650,mem_pool tx_id 242383-243032
block_0439,628,mem_pool tx_id 243033-243660
block_0440,481,mem_pool tx_id 243661-244141
block_0441,650,mem_pool tx_id 244142-244791
block_0442,515,mem_pool tx_id 244792-245306
block_0443,650,mem_pool tx_id 245307-245956
block_0444,629,mem_pool tx_id 245957-246585
block_0445,437,mem_pool tx_id 246586-247022
block_0446,437,mem_pool tx_id 247023-247459
block_0447,413,mem_pool tx_id 247460-247872
block_0448,459,mem_pool tx_id 247873-248331
block_0449,410,mem_pool tx_id 248332-248741
block_0450,406,mem_pool tx_id 248742-249147
block_0451,463,mem_pool tx_id 249148-249610
block_0452,650,mem_pool tx_id 249611-250260
block_0453,491,mem_pool tx_id 250261-250751
block_0454,650,mem_pool tx_id 250752-251401
block_0455,650,mem_pool tx_id 251402-252051
block_0456,650,mem_pool tx_id 252052-252701
block_0457,596,mem_pool tx_id 252702-253297
block_0458,457,mem_pool tx_id 253298-253754
block_0459,650,mem_pool tx_id 253755-254404
block_0460,650,mem_pool tx_id 254405-255054
block_0461,491,mem_pool tx_id 255055-255545
block_0462,650,mem_pool tx_id 255546-256195
block_0463,457,mem_pool tx_id 256196-256652
block_0464,589,mem_pool tx_id 256653-257241
block_0465,412,mem_pool tx_id 257242-257653
block_0466,432,mem_pool tx_id 257654-258085
block_0467,613,mem_pool tx_id 258086-258698
block_0468,510,mem_pool tx_id 258699-259208
block_0469,451,mem_pool tx_id 259209-259659
block_0470,555,mem_pool tx_id 259660-260214
block_0471,567,mem_pool tx_id 260215-260781
block_0472,650,mem_pool tx_id 260782-261431
block_0473,594,mem_pool tx_id 261432-262025
block_0474,428,mem_pool tx_id 262026-262453
block_0475,513,mem_pool tx_id 262454-262966
block_0476,423,mem_pool tx_id 262967-263389
block_0477,650,mem_pool tx_id 263390-264039
block_0478,491,mem_pool tx_id 264040-264530
block_0479,650,mem_pool tx_id 264531-265180
block_0480,476,mem_pool tx_id 265181-265656
block_0481,612,mem_pool tx_id 265657-266268
block_0482,413,mem_pool tx_id 266269-266681
block_0483,567,mem_pool tx_id 266682-267248
block_0484,514,mem_pool tx_id 267249-267762
block_0485,612,mem_pool tx_id 267763-268374
block_0486,650,mem_pool tx_id 268375-269024
block_0487,472,mem_pool tx_id 269025-269496
block_0488,631,mem_pool tx_id 269497-270127
block_0489,476,mem_pool tx_id 270128-270603
block_0490,475,mem_pool tx_id 270604-271078
block_0491,422,mem_pool tx_id 271079-271500
block_0492,613,mem_pool tx_id 271501-272113
block_0493,433,mem_pool tx_id 272114-272546
block_0494,413,mem_pool tx_id 272547-272959
block_0495,546,mem_pool tx_id 272960-273505
block_0496,483,mem_pool tx_id 273506-273988
block_0497,466,mem_pool tx_id 273989-274454
block_0498,491,mem_pool tx_id 274455-274945
block_0499,508,mem_pool tx_id 274946-275453
block_0500,610,mem_pool tx_id 275454-276063
block_0501,650,mem_pool tx_id 276064-276713
block_0502,587,mem_pool tx_id 276714-277300
block_0503,650,mem_pool tx_id 277301-277950
block_0504,512,mem_pool tx_id 277951-278462
block_0505,570,mem_pool tx_id 278463-279032
block_0506,464,mem_pool tx_id 279033-279496
block_0507,555,mem_pool tx_id 279497-280051
block_0508,650,mem_pool tx_id 280052-280701
block_0509,650,mem_pool tx_id 280702-281351
block_0510,563,mem_pool tx_id 281352-281914
block_0511,412,mem_pool tx_id 281915-282326
block_0512,585,mem_pool tx_id 282327-282911
block_0513,650,mem_pool tx_id 282912-283561
block_0514,552,mem_pool tx_id 283562-284113
block_0515,588,mem_pool tx_id 284114-284701
block_0516,467,mem_pool tx_id 284702-285168
block_0517,457,mem_pool tx_id 285169-285625
block_0518,583,mem_pool tx_id 285626-286208
block_0519,497,mem_pool tx_id 286209-286705
block_0520,574,mem_pool tx_id 286706-287279
block_0521,422,mem_pool tx_id 287280-287701
block_0522,453,mem_pool tx_id 287702-288154
block_0523,413,mem_pool tx_id 288155-288567
block_0524,445,mem_pool tx_id 288568-289012
block_0525,650,mem_pool tx_id 289013-289662
block_0526,650,mem_pool tx_id 289663-290312
block_0527,650,mem_pool tx_id 290313-290962
block_0528,401,mem_pool tx_id 290963-291363
block_0529,511,mem_pool tx_id 291364-291874
block_0530,549,mem_pool tx_id 291875-292423
block_0531,650,mem_pool tx_id 292424-293073
block_0532,590,mem_pool tx_id 293074-293663
block_0533,614,mem_pool tx_id 293664-294277
block_0534,650,mem_pool tx_id 294278-294927
block_0535,470,mem_pool tx_id 294928-295397
block_0536,650,mem_pool tx_id 295398-296047
block_0537,425,mem_pool tx_id 296048-296472
block_0538,495,mem_pool tx_id 296473-296967
block_0539,539,mem_pool tx_id 296968-297506
block_0540,634,mem_pool tx_id 297507-298140
block_0541,576,mem_pool tx_id 298141-298716
block_0542,650,mem_pool tx_id 298717-299366
block_0543,436,mem_pool tx_id 299367-299802
block_0544,650,mem_pool tx_id 299803-300452
block_0545,603,mem_pool tx_id 300453-301055
block_0546,440,mem_pool tx_id 301056-301495
block_0547,508,mem_pool tx_id 301496-302003
block_0548,650,mem_pool tx_id 302004-302653
block_0549,540,mem_pool tx_id 302654-303193
block_0550,496,mem_pool tx_id 303194-303689
block_0551,615,mem_pool tx_id 303690-304304
block_0552,465,mem_pool tx_id 304305-304769
block_0553,525,mem_pool tx_id 304770-305294
block_0554,432,mem_pool tx_id 305295-305726
block_0555,614,mem_pool tx_id 305727-306340
block_0556,546,mem_pool tx_id 306341-306886
block_0557,650,mem_pool tx_id 306887-307536
block_0558,606,mem_pool tx_id 307537-308142
block_0559,650,mem_pool tx_id 308143-308792
block_0560,622,mem_pool tx_id 308793-309414
block_0561,575,mem_pool tx_id 309415-309989
block_0562,588,mem_pool tx_id 309990-310577
block_0563,614,mem_pool tx_id 310578-311191
block_0564,434,mem_pool tx_id 311192-311625
block_0565,464,mem_pool tx_id 311626-312089
block_0566,454,mem_pool tx_id 312090-312543
block_0567,645,mem_pool tx_id 312544-313188
block_0568,564,mem_pool tx_id 313189-313752
block_0569,541,mem_pool tx_id 313753-314293
block_0570,650,mem_pool tx_id 314294-314943
block_0571,455,mem_pool tx_id 314944-315398
block_0572,547,mem_pool tx_id 315399-315945
block_0573,629,mem_pool tx_id 315946-316574
block_0574,414,mem_pool tx_id 316575-316988
block_0575,513,mem_pool tx_id 316989-317501
block_0576,650,mem_pool tx_id 317502-318151
block_0577,434,mem_pool tx_id 318152-318585
block_0578,489,mem_pool tx_id 318586-319074
block_0579,643,mem_pool tx_id 319075-319717
block_0580,452,mem_pool tx_id 319718-320169
block_0581,650,mem_pool tx_id 320170-320819
block_0582,527,mem_pool tx_id 320820-321346
block_0583,529,mem_pool tx_id 321347-321875
block_0584,650,mem_pool tx_id 321876-322525
block_0585,628,mem_pool tx_id 322526-323153
block_0586,650,mem_pool tx_id 323154-323803
block_0587,650,mem_pool tx_id 323804-324453
block_0588,650,mem_pool tx_id 324454-325103
block_0589,624,mem_pool tx_id 325104-325727
block_0590,495,mem_pool tx_id 325728-326222
block_0591,635,mem_pool tx_id 326223-326857
block_0592,650,mem_pool tx_id 326858-327507
block_0593,584,mem_pool tx_id 327508-328091
block_0594,617,mem_pool tx_id 328092-328708
block_0595,493,mem_pool tx_id 328709-329201
block_0596,439,mem_pool tx_id 329202-329640
block_0597,475,mem_pool tx_id 329641-330115
block_0598,437,mem_pool tx_id 330116-330552
block_0599,539,mem_pool tx_id 330553-331091
block_0600,650,mem_pool tx_id 331092-331741
block_0601,585,mem_pool tx_id 331742-332326
block_0602,650,mem_pool tx_id 332327-332976
block_0603,448,mem_pool tx_id 332977-333424
block_0604,589,mem_pool tx_id 333425-334013
block_0605,428,mem_pool tx_id 334014-334441
block_0606,634,mem_pool tx_id 334442-335075
block_0607,505,mem_pool tx_id 335076-335580
block_0608,597,mem_pool tx_id 335581-336177
block_0609,650,mem_pool tx_id 336178-336827
block_0610,650,mem_pool tx_id 336828-337477
block_0611,650,mem_pool tx_id 337478-338127
block_0612,449,mem_pool tx_id 338128-338576
block_0613,518,mem_pool tx_id 338577-339094
block_0614,650,mem_pool tx_id 339095-339744
block_0615,607,mem_pool tx_id 339745-340351
block_0616,533,mem_pool tx_id 340352-340884
block_0617,514,mem_pool tx_id 340885-341398
block_0618,544,mem_pool tx_id 341399-341942
block_0619,650,mem_pool tx_id 341943-342592
block_0620,518,mem_pool tx_id 342593-343110
block_0621,419,mem_pool tx_id 343111-343529
block_0622,650,mem_pool tx_id 343530-344179
block_0623,412,mem_pool tx_id 344180-344591
block_0624,531,mem_pool tx_id 344592-345122
block_0625,480,mem_pool tx_id 345123-345602
block_0626,581,mem_pool tx_id 345603-346183
block_0627,521,mem_pool tx_id 346184-346704
block_0628,593,mem_pool tx_id 346705-347297
block_0629,650,mem_pool tx_id 347298-347947
block_0630,650,mem_pool tx_id 347948-348597
block_0631,633,mem_pool tx_id 348598-349230
block_0632,650,mem_pool tx_id 349231-349880
block_0633,411,mem_pool tx_id 349881-350291
block_0634,586,mem_pool tx_id 350292-350877
block_0635,403,mem_pool tx_id 350878-351280
block_0636,605,mem_pool tx_id 351281-351885
block_0637,551,mem_pool tx_id 351886-352436
block_0638,567,mem_pool tx_id 352437-353003
block_0639,488,mem_pool tx_id 353004-353491
block_0640,648,mem_pool tx_id 353492-354139
block_0641,523,mem_pool tx_id 354140-354662
block_0642,578,mem_pool tx_id 354663-355240
block_0643,575,mem_pool tx_id 355241-355815
block_0644,575,mem_pool tx_id 355816-356390
block_0645,650,mem_pool tx_id 356391-357040
block_0646,433,mem_pool tx_id 357041-357473
block_0647,447,mem_pool tx_id 357474-357920
block_0648,459,mem_pool tx_id 357921-358379
block_0649,562,mem_pool tx_id 358380-358941
block_0650,610,mem_pool tx_id 358942-359551
block_0651,414,mem_pool tx_id 359552-359965
block_0652,417,mem_pool tx_id 359966-360382
block_0653,616,mem_pool tx_id 360383-360998
block_0654,525,mem_pool tx_id 360999-361523
block_0655,407,mem_pool tx_id 361524-361930
block_0656,558,mem_pool tx_id 361931-362488
block_0657,650,mem_pool tx_id 362489-363138
block_0658,626,mem_pool tx_id 363139-363764
block_0659,427,mem_pool tx_id 363765-364191
block_0660,650,mem_pool tx_id 364192-364841
block_0661,442,mem_pool tx_id 364842-365283
block_0662,495,mem_pool tx_id 365284-365778
block_0663,509,mem_pool tx_id 365779-366287
block_0664,403,mem_pool tx_id 366288-366690
block_0665,501,mem_pool tx_id 366691-367191
block_0666,548,mem_pool tx_id 367192-367739
block_0667,408,mem_pool tx_id 367740-368147
block_0668,422,mem_pool tx_id 368148-368569
block_0669,568,mem_pool tx_id 368570-369137
block_0670,633,mem_pool tx_id 369138-369770
block_0671,435,mem_pool tx_id 369771-370205
block_0672,533,mem_pool tx_id 370206-370738
block_0673,650,mem_pool tx_id 370739-371388
block_0674,511,mem_pool tx_id 371389-371899
block_0675,542,mem_pool tx_id 371900-372441
block_0676,411,mem_pool tx_id 372442-372852
block_0677,583,mem_pool tx_id 372853-373435
block_0678,455,mem_pool tx_id 373436-373890
block_0679,413,mem_pool tx_id 373891-374303
block_0680,552,mem_pool tx_id 374304-374855
block_0681,415,mem_pool tx_id 374856-375270
block_0682,465,mem_pool tx_id 375271-375735
block_0683,494,mem_pool tx_id 375736-376229
block_0684,650,mem_pool tx_id 376230-376879
block_0685,650,mem_pool tx_id 376880-377529
block_0686,447,mem_pool tx_id 377530-377976
block_0687,630,mem_pool tx_id 377977-378606
block_0688,448,mem_pool tx_id 378607-379054
block_0689,515,mem_pool tx_id 379055-379569
block_0690,576,mem_pool tx_id 379570-380145
block_0691,546,mem_pool tx_id 380146-380691
block_0692,478,mem_pool tx_id 380692-381169
block_0693,640,mem_pool tx_id 381170-381809
block_0694,650,mem_pool tx_id 381810-382459
block_0695,650,mem_pool tx_id 382460-383109
block_0696,558,mem_pool tx_id 383110-383667
block_0697,650,mem_pool tx_id 383668-384317
block_0698,579,mem_pool tx_id 384318-384896
block_0699,644,mem_pool tx_id 384897-385540
block_0700,650,mem_pool tx_id 385541-386190
block_0701,578,mem_pool tx_id 386191-386768
block_0702,650,mem_pool tx_id 386769-387418
block_0703,420,mem_pool tx_id 387419-387838
block_0704,650,mem_pool tx_id 387839-388488
block_0705,462,mem_pool tx_id 388489-388950
block_0706,650,mem_pool tx_id 388951-389600
block_0707,635,mem_pool tx_id 389601-390235
block_0708,481,mem_pool tx_id 390236-390716
block_0709,504,mem_pool tx_id 390717-391220
block_0710,418,mem_pool tx_id 391221-391638
block_0711,558,mem_pool tx_id 391639-392196
block_0712,650,mem_pool tx_id 392197-392846
block_0713,555,mem_pool tx_id 392847-393401
block_0714,534,mem_pool tx_id 393402-393935
block_0715,497,mem_pool tx_id 393936-394432
block_0716,650,mem_pool tx_id 394433-395082
block_0717,650,mem_pool tx_id 395083-395732
block_0718,467,mem_pool tx_id 395733-396199
block_0719,649,mem_pool tx_id 396200-396848
block_0720,457,mem_pool tx_id 396849-397305
block_0721,650,mem_pool tx_id 397306-397955
block_0722,650,mem_pool tx_id 397956-398605
block_0723,614,mem_pool tx_id 398606-399219
block_0724,650,mem_pool tx_id 399220-399869
block_0725,583,mem_pool tx_id 399870-400452
block_0726,609,mem_pool tx_id 400453-401061
block_0727,552,mem_pool tx_id 401062-401613
block_0728,432,mem_pool tx_id 401614-402045
block_0729,650,mem_pool tx_id 402046-402695
block_0730,638,mem_pool tx_id 402696-403333
block_0731,650,mem_pool tx_id 403334-403983
block_0732,425,mem_pool tx_id 403984-404408
block_0733,594,mem_pool tx_id 404409-405002
block_0734,417,mem_pool tx_id 405003-405419
block_0735,546,mem_pool tx_id 405420-405965
block_0736,400,mem_pool tx_id 405966-406365
block_0737,606,mem_pool tx_id 406366-406971
block_0738,476,mem_pool tx_id 406972-407447
block_0739,591,mem_pool tx_id 407448-408038
block_0740,650,mem_pool tx_id 408039-408688
block_0741,607,mem_pool tx_id 408689-409295
block_0742,639,mem_pool tx_id 409296-409934
block_0743,650,mem_pool tx_id 409935-410584
block_0744,546,mem_pool tx_id 410585-411130
block_0745,515,mem_pool tx_id 411131-411645
block_0746,522,mem_pool tx_id 411646-412167
block_0747,650,mem_pool tx_id 412168-412817
block_0748,573,mem_pool tx_id 412818-413390
block_0749,606,mem_pool tx_id 413391-413996
block_0750,630,mem_pool tx_id 413997-414626
block_0751,650,mem_pool tx_id 414627-415276
block_0752,506,mem_pool tx_id 415277-415782
block_0753,487,mem_pool tx_id 415783-416269
block_0754,462,mem_pool tx_id 416270-416731
block_0755,650,mem_pool tx_id 416732-417381
block_0756,595,mem_pool tx_id 417382-417976
block_0757,645,mem_pool tx_id 417977-418621
block_0758,467,mem_pool tx_id 418622-419088
block_0759,650,mem_pool tx_id 419089-419738
block_0760,650,mem_pool tx_id 419739-420388
block_0761,648,mem_pool tx_id 420389-421036
block_0762,605,mem_pool tx_id 421037-421641
block_0763,508,mem_pool tx_id 421642-422149
block_0764,650,mem_pool tx_id 422150-422799
block_0765,609,mem_pool tx_id 422800-423408
block_0766,579,mem_pool tx_id 423409-423987
block_0767,491,mem_pool tx_id 423988-424478
block_0768,405,mem_pool tx_id 424479-424883
block_0769,650,mem_pool tx_id 424884-425533
block_0770,504,mem_pool tx_id 425534-426037
block_0771,604,mem_pool tx_id 426038-426641
block_0772,445,mem_pool tx_id 426642-427086
block_0773,428,mem_pool tx_id 427087-427514
block_0774,650,mem_pool tx_id 427515-428164
block_0775,650,mem_pool tx_id 428165-428814
block_0776,430,mem_pool tx_id 428815-429244
block_0777,409,mem_pool tx_id 429245-429653
block_0778,518,mem_pool tx_id 429654-430171
block_0779,627,mem_pool tx_id 430172-430798
block_0780,488,mem_pool tx_id 430799-431286
block_0781,449,mem_pool tx_id 431287-431735
block_0782,572,mem_pool tx_id 431736-432307
block_0783,536,mem_pool tx_id 432308-432843
block_0784,449,mem_pool tx_id 432844-433292
block_0785,489,mem_pool tx_id 433293-433781
block_0786,466,mem_pool tx_id 433782-434247
block_0787,650,mem_pool tx_id 434248-434897
block_0788,650,mem_pool tx_id 434898-435547
block_0789,426,mem_pool tx_id 435548-435973
block_0790,488,mem_pool tx_id 435974-436461
block_0791,517,mem_pool tx_id 436462-436978
block_0792,650,mem_pool tx_id 436979-437628
block_0793,565,mem_pool tx_id 437629-438193
block_0794,650,mem_pool tx_id 438194-438843
block_0795,564,mem_pool tx_id 438844-439407
block_0796,437,mem_pool tx_id 439408-439844
block_0797,440,mem_pool tx_id 439845-440284
block_0798,432,mem_pool tx_id 440285-440716
block_0799,579,mem_pool tx_id 440717-441295
block_0800,595,mem_pool tx_id 441296-441890
block_0801,608,mem_pool tx_id 441891-442498
block_0802,413,mem_pool tx_id 442499-442911
block_0803,621,mem_pool tx_id 442912-443532
block_0804,532,mem_pool tx_id 443533-444064
block_0805,597,mem_pool tx_id 444065-444661
block_0806,544,mem_pool tx_id 444662-445205
block_0807,475,mem_pool tx_id 445206-445680
block_0808,628,mem_pool tx_id 445681-446308
block_0809,433,mem_pool tx_id 446309-446741
block_0810,475,mem_pool tx_id 446742-447216
block_0811,520,mem_pool tx_id 447217-447736
block_0812,645,mem_pool tx_id 447737-448381
block_0813,456,mem_pool tx_id 448382-448837
block_0814,650,mem_pool tx_id 448838-449487
block_0815,513,mem_pool tx_id 449488-450000
block_0816,551,mem_pool tx_id 450001-450551
block_0817,469,mem_pool tx_id 450552-451020
block_0818,650,mem_pool tx_id 451021-451670
block_0819,650,mem_pool tx_id 451671-452320
block_0820,536,mem_pool tx_id 452321-452856
block_0821,650,mem_pool tx_id 452857-453506
block_0822,487,mem_pool tx_id 453507-453993
block_0823,527,mem_pool tx_id 453994-454520
block_0824,539,mem_pool tx_id 454521-455059
block_0825,617,mem_pool tx_id 455060-455676
block_0826,463,mem_pool tx_id 455677-456139
block_0827,650,mem_pool tx_id 456140-456789
block_0828,622,mem_pool tx_id 456790-457411
block_0829,644,mem_pool tx_id 457412-458055
block_0830,474,mem_pool tx_id 458056-458529
block_0831,614,mem_pool tx_id 458530-459143
block_0832,650,mem_pool tx_id 459144-459793
block_0833,650,mem_pool tx_id 459794-460443
block_0834,650,mem_pool tx_id 460444-461093
block_0835,650,mem_pool tx_id 461094-461743
block_0836,499,mem_pool tx_id 461744-462242
block_0837,650,mem_pool tx_id 462243-462892
block_0838,627,mem_pool tx_id 462893-463519
block_0839,638,mem_pool tx_id 463520-464157
block_0840,494,mem_pool tx_id 464158-464651
block_0841,545,mem_pool tx_id 464652-465196
block_0842,626,mem_pool tx_id 465197-465822
block_0843,454,mem_pool tx_id 465823-466276
block_0844,414,mem_pool tx_id 466277-466690
block_0845,624,mem_pool tx_id 466691-467314
block_0846,570,mem_pool tx_id 467315-467884
block_0847,633,mem_pool tx_id 467885-468517
block_0848,650,mem_pool tx_id 468518-469167
block_0849,650,mem_pool tx_id 469168-469817
block_0850,535,mem_pool tx_id 469818-470352
block_0851,523,mem_pool tx_id 470353-470875
block_0852,527,mem_pool tx_id 470876-471402
block_0853,440,mem_pool tx_id 471403-471842
block_0854,613,mem_pool tx_id 471843-472455
block_0855,650,mem_pool tx_id 472456-473105
block_0856,536,mem_pool tx_id 473106-473641
block_0857,580,mem_pool tx_id 473642-474221
block_0858,467,mem_pool tx_id 474222-474688
block_0859,509,mem_pool tx_id 474689-475197
block_0860,618,mem_pool tx_id 475198-475815
block_0861,624,mem_pool tx_id 475816-476439
block_0862,650,mem_pool tx_id 476440-477089
block_0863,566,mem_pool tx_id 477090-477655
block_0864,454,mem_pool tx_id 477656-478109
block_0865,650,mem_pool tx_id 478110-478759
block_0866,631,mem_pool tx_id 478760-479390
block_0867,536,mem_pool tx_id 479391-479926
block_0868,512,mem_pool tx_id 479927-480438
block_0869,603,mem_pool tx_id 480439-481041
block_0870,549,mem_pool tx_id 481042-481590
block_0871,621,mem_pool tx_id 481591-482211
block_0872,488,mem_pool tx_id 482212-482699
block_0873,471,mem_pool tx_id 482700-483170
block_0874,626,mem_pool tx_id 483171-483796
block_0875,400,mem_pool tx_id 483797-484196
block_0876,592,mem_pool tx_id 484197-484788
block_0877,504,mem_pool tx_id 484789-485292
block_0878,650,mem_pool tx_id 485293-485942
block_0879,466,mem_pool tx_id 485943-486408
block_0880,650,mem_pool tx_id 486409-487058
block_0881,650,mem_pool tx_id 487059-487708
block_0882,650,mem_pool tx_id 487709-488358
block_0883,610,mem_pool tx_id 488359-488968
block_0884,637,mem_pool tx_id 488969-489605
block_0885,650,mem_pool tx_id 489606-490255
block_0886,474,mem_pool tx_id 490256-490729
block_0887,452,mem_pool tx_id 490730-491181
block_0888,560,mem_pool tx_id 491182-491741
block_0889,556,mem_pool tx_id 491742-492297
block_0890,454,mem_pool tx_id 492298-492751
block_0891,619,mem_pool tx_id 492752-493370
block_0892,622,mem_pool tx_id 493371-493992
block_0893,620,mem_pool tx_id 493993-494612
block_0894,639,mem_pool tx_id 494613-495251
block_0895,618,mem_pool tx_id 495252-495869
block_0896,637,mem_pool tx_id 495870-496506
block_0897,445,mem_pool tx_id 496507-496951
block_0898,650,mem_pool tx_id 496952-497601
block_0899,650,mem_pool tx_id 497602-498251
block_0900,600,mem_pool tx_id 498252-498851
block_0901,650,mem_pool tx_id 498852-499501
block_0902,499,mem_pool tx_id 499502-500000
